Valve,DateTime,status,200,202.5,205,207.5,210,212.5,215,217.5,220,222.5,225,227.5,230,232.5,235,237.5,240,242.5,245,247.5,250,252.5,255,257.5,260,262.5,265,267.5,270,272.5,275,277.5,280,282.5,285,287.5,290,292.5,295,297.5,300,302.5,305,307.5,310,312.5,315,317.5,320,322.5,325,327.5,330,332.5,335,337.5,340,342.5,345,347.5,350,352.5,355,357.5,360,362.5,365,367.5,370,372.5,375,377.5,380,382.5,385,387.5,390,392.5,395,397.5,400,402.5,405,407.5,410,412.5,415,417.5,420,422.5,425,427.5,430,432.5,435,437.5,440,442.5,445,447.5,450,452.5,455,457.5,460,462.5,465,467.5,470,472.5,475,477.5,480,482.5,485,487.5,490,492.5,495,497.5,500,502.5,505,507.5,510,512.5,515,517.5,520,522.5,525,527.5,530,532.5,535,537.5,540,542.5,545,547.5,550,552.5,555,557.5,560,562.5,565,567.5,570,572.5,575,577.5,580,582.5,585,587.5,590,592.5,595,597.5,600,602.5,605,607.5,610,612.5,615,617.5,620,622.5,625,627.5,630,632.5,635,637.5,640,642.5,645,647.5,650,652.5,655,657.5,660,662.5,665,667.5,670,672.5,675,677.5,680,682.5,685,687.5,690,692.5,695,697.5,700,702.5,705,707.5,710,712.5,715,717.5,720,722.5,725,727.5,730,
1,8/19/18 10:19,Ok,36.6908,34.9946,33.4335,31.9258,30.5283,29.4385,28.578,27.7905,27.0833,26.4128,25.721,25.1961,24.8223,24.3221,23.7027,23.1204,22.6271,22.2599,21.9227,21.5946,21.3271,21.0337,20.7393,20.5168,20.3404,20.1383,19.8908,19.6266,19.3528,19.0905,18.8134,18.4851,18.1505,17.8296,17.5091,17.1949,16.9023,16.6063,16.321,16.0684,15.8326,15.5782,15.3428,15.1204,14.9026,14.7017,14.4908,14.2956,14.0991,13.9083,13.7338,13.5592,13.3826,13.2105,13.0467,12.8719,12.7174,12.5611,12.392,12.2354,12.0929,11.9438,11.7741,11.6238,11.4682,11.3218,11.1492,10.9633,10.8147,10.6457,10.4717,10.3157,10.1877,10.0288,9.8835,9.7711,9.5983,9.4675,9.3488,9.2011,9.0467,8.8733,8.6954,8.5469,8.3914,8.2182,8.0616,7.9141,7.7828,7.6364,7.4751,7.3163,7.216,7.1158,7.0139,6.9298,6.7605,6.6327,6.5748,6.4572,6.3411,6.2621,6.1656,6.0639,5.9936,5.923,5.8415,5.7713,5.6834,5.6214,5.5663,5.4921,5.4356,5.3912,5.3423,5.2982,5.197,5.1336,5.1125,5.0212,4.9522,4.9184,4.8768,4.815,4.7536,4.7223,4.6472,4.5875,4.532,4.4835,4.4685,4.4189,4.3785,4.3022,4.2208,4.1787,4.1641,4.1486,4.0844,4.0076,3.9693,3.9452,3.9182,3.8918,3.8365,3.7967,3.7693,3.6948,3.6591,3.6422,3.6662,3.6394,3.5545,3.5476,3.5252,3.4689,3.4616,3.4431,3.4028,3.4138,3.3344,3.2935,3.3261,3.2887,3.2538,3.2782,3.2968,3.2073,3.1566,3.1784,3.1575,3.1409,3.1114,3.0846,3.0791,3.0714,3.0339,2.9696,2.9884,3.063,2.985,2.8931,2.9615,3.0105,2.9328,2.898,2.8767,2.8686,2.8907,2.8702,2.87,2.8382,2.8332,2.8412,2.8121,2.776,2.7738,2.8181,2.7813,2.7457,2.7522,2.752,2.7391,2.6709,2.6566,2.7114,2.7059,2.6582,2.6349,2.5666,2.5669,2.6178,2.6209,8/19/18
3,8/19/18 10:27,Ok,32.9234,31.5216,30.2496,29.0304,27.9343,27.0578,26.3512,25.7308,25.1572,24.6061,24.0373,23.6089,23.2963,22.8654,22.3371,21.8424,21.422,21.1048,20.807,20.5155,20.2734,20.0006,19.7126,19.4891,19.3101,19.1162,18.8966,18.6633,18.4324,18.2127,17.9829,17.7169,17.4519,17.1972,16.9422,16.6879,16.4396,16.19,15.9517,15.7352,15.5308,15.3078,15.1036,14.9114,14.7189,14.5338,14.3428,14.1653,13.9861,13.8153,13.6648,13.5028,13.3307,13.1828,13.0385,12.884,12.7382,12.5866,12.4293,12.2889,12.1626,12.0186,11.8543,11.7053,11.552,11.4146,11.25,11.0788,10.9353,10.7756,10.624,10.4728,10.35,10.1875,10.0439,9.9527,9.7873,9.6594,9.5411,9.3927,9.2406,9.0718,8.9075,8.7687,8.6167,8.446,8.2995,8.159,8.032,7.8892,7.7326,7.5781,7.477,7.3788,7.2775,7.1947,7.0303,6.9036,6.8461,6.7289,6.6106,6.5312,6.4359,6.3297,6.2525,6.1804,6.1015,6.0334,5.9489,5.8782,5.8167,5.7493,5.6997,5.649,5.597,5.5514,5.4505,5.3901,5.3664,5.2805,5.2081,5.1637,5.1253,5.067,5.0051,4.9665,4.8831,4.8295,4.7754,4.7186,4.7009,4.6544,4.6167,4.5379,4.4549,4.4117,4.3985,4.3808,4.3116,4.2392,4.205,4.1779,4.1518,4.1207,4.0575,4.0141,3.986,3.9178,3.8872,3.8588,3.8857,3.8751,3.7865,3.7677,3.7339,3.6795,3.6757,3.6569,3.6119,3.6156,3.542,3.511,3.5468,3.5033,3.4574,3.4807,3.5062,3.4179,3.3636,3.3855,3.3686,3.3543,3.3241,3.2961,3.2986,3.2968,3.2504,3.1758,3.1946,3.2547,3.1776,3.0987,3.159,3.1996,3.118,3.0869,3.0949,3.0787,3.096,3.0817,3.0733,3.0508,3.0251,3.0403,3.0297,2.9915,2.9974,3.047,3.0082,2.9596,2.964,2.966,2.9463,2.8767,2.856,2.901,2.8999,2.8533,2.8256,2.7624,2.7552,2.7965,2.7996,8/19/18
4,8/19/18 10:31,Ok,33.448,31.7936,30.1133,28.532,27.1861,26.2362,25.5698,25.0339,24.5894,24.2178,23.889,23.6847,23.5415,23.3188,23.0701,22.8455,22.6436,22.4583,22.2118,21.9167,21.6235,21.2501,20.7467,20.2283,19.8541,19.5654,19.2585,18.9838,18.7367,18.517,18.3175,18.0882,17.8623,17.6517,17.4387,17.2254,17.0214,16.818,16.6133,16.4185,16.2215,15.9984,15.8049,15.633,15.4596,15.3008,15.1322,14.969,14.8183,14.6797,14.542,14.3976,14.2528,14.1161,13.9934,13.8588,13.7292,13.6067,13.4676,13.3302,13.2193,13.0976,12.9537,12.8228,12.6791,12.5537,12.3963,12.2205,12.0813,11.9291,11.7806,11.641,11.52,11.3587,11.2212,11.1286,10.9695,10.8435,10.7247,10.5745,10.4238,10.2522,10.0785,9.9392,9.7842,9.6124,9.463,9.3145,9.1838,9.0393,8.878,8.7171,8.6119,8.5058,8.3961,8.3012,8.1278,7.9975,7.9318,7.8043,7.6813,7.5932,7.4893,7.3738,7.2967,7.2231,7.1324,7.0571,6.9624,6.8897,6.8251,6.7456,6.6848,6.6333,6.579,6.5279,6.419,6.3469,6.3187,6.2316,6.1529,6.1059,6.0614,5.9959,5.9256,5.876,5.7932,5.7347,5.6728,5.6106,5.5861,5.532,5.4905,5.4142,5.3269,5.2752,5.2541,5.2319,5.1606,5.0824,5.0432,5.0106,4.9822,4.9556,4.8902,4.8353,4.8034,4.7365,4.7009,4.6733,4.6935,4.6695,4.5812,4.5718,4.5417,4.4724,4.4561,4.4294,4.3883,4.3983,4.3152,4.28,4.3034,4.254,4.2229,4.2494,4.2622,4.1672,4.1056,4.1252,4.1134,4.0956,4.0608,4.0275,4.0293,4.0237,3.9808,3.9135,3.9204,3.9832,3.9165,3.83,3.8777,3.9189,3.8463,3.8143,3.8014,3.7944,3.8184,3.8004,3.7924,3.768,3.729,3.7364,3.7387,3.6954,3.6749,3.7313,3.7102,3.6501,3.6487,3.6477,3.6348,3.5824,3.5533,3.6037,3.6153,3.5628,3.5348,3.4753,3.4661,3.4921,3.503,8/19/18
5,8/19/18 10:35,Ok,47.3311,45.4486,43.3693,41.2819,39.5727,38.4296,37.6715,37.095,36.5994,36.1882,35.9022,35.7942,35.7086,35.5182,35.3264,35.158,34.9949,34.8108,34.4801,34.0531,33.5917,32.9913,32.1652,31.2926,30.6894,30.2331,29.7239,29.2843,28.9275,28.6066,28.2967,27.959,27.6261,27.3345,27.0567,26.7631,26.4762,26.1992,25.9275,25.659,25.3621,25.0337,24.7331,24.4555,24.1854,23.9251,23.6545,23.3925,23.1065,22.8478,22.6255,22.3801,22.1197,21.874,21.6614,21.4352,21.2085,20.9685,20.7258,20.4938,20.2766,20.0461,19.7731,19.5218,19.2662,19.0222,18.7503,18.4282,18.1325,17.833,17.5223,17.2393,16.9932,16.6884,16.393,16.1551,15.8437,15.5832,15.3316,15.057,14.7821,14.4829,14.194,13.9375,13.6758,13.3999,13.1334,12.878,12.6465,12.4078,12.1639,11.9215,11.7252,11.5184,11.3182,11.1421,10.886,10.6764,10.5397,10.3487,10.1647,10.0178,9.8622,9.6913,9.5587,9.4429,9.3172,9.1973,9.0593,8.9475,8.8464,8.7335,8.6358,8.5395,8.4521,8.3755,8.233,8.1267,8.0651,7.9452,7.8335,7.7517,7.6764,7.5754,7.4719,7.4012,7.2878,7.1926,7.0982,7.0166,6.9721,6.8884,6.8194,6.7173,6.6118,6.5401,6.4928,6.4494,6.3624,6.2657,6.2045,6.157,6.1007,6.0466,5.9731,5.9067,5.8543,5.7709,5.7202,5.6818,5.6884,5.6446,5.5466,5.5217,5.4696,5.3903,5.3732,5.3419,5.2805,5.2735,5.1872,5.1426,5.1632,5.1081,5.0567,5.0671,5.0753,4.9732,4.9091,4.9209,4.8952,4.8673,4.832,4.805,4.7894,4.7686,4.7173,4.6457,4.6604,4.7145,4.6393,4.5472,4.5809,4.6191,4.5451,4.5082,4.4923,4.4788,4.4977,4.4773,4.4606,4.4154,4.3901,4.3906,4.361,4.3174,4.3045,4.3427,4.3093,4.2592,4.2578,4.269,4.246,4.1824,4.1639,4.1997,4.2069,4.1609,4.123,4.0582,4.0372,4.075,4.1043,8/19/18
6,8/19/18 10:39,Ok,59.9008,58.3896,56.9242,55.4498,54.2041,53.3479,52.9059,52.5046,51.94,51.4281,51.0738,50.8449,50.5557,49.9943,49.2386,48.5325,47.9777,47.5504,47.0758,46.5499,46.0236,45.3937,44.6918,44.2206,43.9333,43.5533,43.0908,42.621,42.2023,41.8,41.3886,40.9101,40.4148,39.9888,39.6058,39.1896,38.794,38.4515,38.0894,37.733,37.3969,36.9995,36.6027,36.2237,35.8228,35.4568,35.0464,34.6218,34.2205,33.8156,33.4342,33.0893,32.7045,32.3048,31.94,31.5962,31.2613,30.908,30.5595,30.2029,29.8464,29.4405,29.0279,28.6669,28.2541,27.8645,27.43,26.9267,26.4449,25.9474,25.4435,24.9668,24.5346,24.0462,23.5614,23.1437,22.6681,22.2215,21.8062,21.3908,20.9494,20.48,20.0413,19.647,19.2588,18.8623,18.4832,18.1048,17.7371,17.3676,17.001,16.6529,16.3484,16.0254,15.7156,15.4281,15.0705,14.7684,14.5401,14.2605,14.0011,13.7855,13.557,13.3112,13.1042,12.9289,12.7564,12.5846,12.3912,12.2316,12.0839,11.929,11.7892,11.6338,11.4874,11.3687,11.1998,11.0593,10.9594,10.7987,10.6385,10.5102,10.3829,10.2373,10.1016,9.9914,9.8376,9.7048,9.5737,9.4589,9.3853,9.2638,9.1479,9.0189,8.8974,8.7978,8.7223,8.6425,8.5175,8.4038,8.3303,8.2569,8.1751,8.0998,7.9971,7.9153,7.8457,7.7277,7.6581,7.5956,7.5787,7.5236,7.4088,7.366,7.3074,7.2094,7.1727,7.1344,7.0609,7.0325,6.9246,6.8726,6.8808,6.804,6.7416,6.7516,6.7519,6.6353,6.5566,6.5695,6.5331,6.4893,6.4469,6.3971,6.3685,6.349,6.294,6.2024,6.1913,6.2501,6.1736,6.0716,6.1148,6.1445,6.0622,6.0143,5.9865,5.9705,5.9812,5.9422,5.938,5.8857,5.8311,5.8354,5.7996,5.7428,5.7329,5.7666,5.7256,5.6837,5.6774,5.685,5.6576,5.5682,5.5704,5.6266,5.6213,5.5617,5.5105,5.4378,5.4366,5.4812,5.489,8/19/18
7,8/19/18 10:43,Ok,11.5859,12.0448,12.2617,12.3343,12.3667,12.4098,12.4162,12.3983,12.3884,12.355,12.3048,12.3003,12.2704,12.1767,12.1016,12.0446,11.9992,11.9433,11.872,11.7959,11.7165,11.6321,11.5656,11.5433,11.4965,11.4142,11.3685,11.3403,11.2971,11.2465,11.1991,11.1536,11.1208,11.0965,11.0432,10.9924,10.9671,10.9362,10.8974,10.8504,10.8059,10.7458,10.703,10.667,10.6137,10.5516,10.4802,10.4294,10.375,10.3209,10.272,10.2153,10.1566,10.1087,10.0639,9.9984,9.9451,9.8895,9.816,9.7522,9.7102,9.6577,9.5824,9.5163,9.4367,9.3569,9.2489,9.1149,8.9894,8.8459,8.7127,8.6191,8.5831,8.5115,8.441,8.411,8.307,8.231,8.1511,8.0571,7.9743,7.8714,7.766,7.6706,7.5793,7.4749,7.3917,7.3208,7.236,7.1254,6.999,6.8804,6.8178,6.7568,6.6952,6.6486,6.5162,6.4205,6.3931,6.3025,6.208,6.1601,6.0989,6.0193,5.9632,5.9165,5.8648,5.8102,5.7386,5.6999,5.6633,5.6157,5.5917,5.5666,5.5283,5.4937,5.4102,5.3613,5.3516,5.2842,5.2304,5.2015,5.1732,5.1319,5.0923,5.0704,5.0068,4.9624,4.9199,4.8891,4.9003,4.8757,4.8436,4.7774,4.712,4.684,4.6835,4.6739,4.6145,4.5488,4.5244,4.5071,4.4817,4.4625,4.414,4.3805,4.3644,4.3044,4.2828,4.2709,4.3057,4.2954,4.2143,4.2051,4.176,4.1164,4.1229,4.1136,4.0666,4.0745,4.0008,3.9703,4.0042,3.9478,3.9093,3.9492,3.9717,3.8871,3.8291,3.8492,3.8399,3.8253,3.7993,3.7768,3.7906,3.7952,3.7486,3.6743,3.6878,3.7647,3.7037,3.6226,3.6747,3.7181,3.6477,3.6257,3.6185,3.6151,3.646,3.6164,3.6059,3.592,3.5639,3.5468,3.5298,3.5011,3.4994,3.5425,3.5112,3.4672,3.4655,3.4796,3.4744,3.4063,3.3769,3.4232,3.4233,3.3526,3.2916,3.2194,3.1944,3.181,3.1425,8/19/18
8,8/19/18 10:47,Ok,11.5449,12.0027,12.231,12.3071,12.3461,12.3811,12.3832,12.3721,12.3583,12.3296,12.2958,12.2956,12.257,12.1634,12.0926,12.0385,11.9925,11.937,11.8671,11.7899,11.7089,11.6235,11.5591,11.5386,11.4904,11.4081,11.3615,11.3314,11.2842,11.2284,11.187,11.1424,11.1064,11.0807,11.0253,10.9762,10.9471,10.9184,10.8846,10.8337,10.7863,10.7311,10.6886,10.6468,10.5902,10.5267,10.4614,10.405,10.3504,10.3033,10.2508,10.1876,10.1359,10.0969,10.0406,9.9728,9.9278,9.8712,9.7957,9.7305,9.6882,9.6367,9.5541,9.4825,9.4073,9.3278,9.2161,9.0793,8.9567,8.8111,8.6808,8.5869,8.5451,8.4725,8.3971,8.3712,8.2815,8.202,8.1195,8.0272,7.945,7.8416,7.7234,7.6344,7.5484,7.437,7.3555,7.287,7.2008,7.0901,6.9606,6.839,6.7778,6.715,6.6516,6.6078,6.4767,6.3738,6.3458,6.2627,6.1632,6.1111,6.0527,5.9754,5.9197,5.8699,5.8152,5.7646,5.6895,5.6464,5.6141,5.5689,5.5445,5.5168,5.4763,5.4388,5.3572,5.3109,5.3035,5.235,5.1792,5.1507,5.1229,5.0785,5.0386,5.0157,4.9495,4.9131,4.8682,4.8317,4.8463,4.8189,4.7827,4.7174,4.6521,4.6236,4.6228,4.6128,4.5581,4.4921,4.4644,4.4523,4.4256,4.4008,4.3652,4.3338,4.3058,4.2465,4.2205,4.2143,4.244,4.229,4.155,4.1479,4.1209,4.0638,4.064,4.0534,4.0048,4.0059,3.9373,3.9041,3.9272,3.88,3.8473,3.8783,3.9036,3.8105,3.7642,3.7993,3.7861,3.7725,3.7448,3.7189,3.7291,3.7266,3.6807,3.6144,3.6284,3.7007,3.6272,3.5538,3.6158,3.6518,3.6009,3.5734,3.5479,3.5384,3.5681,3.5512,3.5428,3.5217,3.4905,3.4837,3.4671,3.4261,3.4229,3.4662,3.4318,3.3968,3.4079,3.4168,3.401,3.3248,3.3014,3.3482,3.3401,3.2773,3.218,3.1386,3.1121,3.1047,3.0617,8/19/18
1,10/1/18 11:44,Ok,42.0214,41.6346,41.0612,40.4053,39.7827,39.2001,38.7288,38.328,37.9475,37.6739,37.4465,37.1409,36.8606,36.6151,36.2385,35.8277,35.387,35.0013,34.6538,34.2736,33.971,33.6139,33.2332,32.82,32.4486,32.2684,32.0354,31.7005,31.3967,31.1603,30.956,30.7263,30.491,30.2675,30.0726,29.91,29.7483,29.5768,29.4037,29.2206,29.0822,28.9639,28.8067,28.6209,28.4298,28.2672,28.1115,27.9383,27.7671,27.5737,27.3738,27.2189,27.0709,26.8555,26.6792,26.5496,26.3723,26.1627,25.9734,25.8127,25.6187,25.3753,25.1277,24.9011,24.6652,24.4386,24.218,23.9479,23.6561,23.3355,22.9986,22.7306,22.5057,22.2399,21.9562,21.7072,21.4471,21.2037,20.9745,20.7657,20.5288,20.2361,19.9748,19.7273,19.5255,19.3369,19.1093,18.8654,18.6546,18.4972,18.325,18.0739,17.8178,17.6244,17.4652,17.3164,17.1514,16.9562,16.8088,16.7078,16.5539,16.3823,16.2526,16.1354,16.0223,15.8956,15.7935,15.7039,15.5772,15.4998,15.4245,15.3209,15.2411,15.1875,15.1012,15.0049,14.9093,14.8262,14.7739,14.674,14.5806,14.4983,14.3922,14.3011,14.2121,14.1384,14.0656,13.953,13.8697,13.7819,13.7197,13.6677,13.5841,13.5381,13.4775,13.3737,13.3204,13.2823,13.1794,13.0652,13.0089,12.9581,12.8947,12.8385,12.7545,12.7,12.6431,12.5831,12.5445,12.5183,12.4975,12.458,12.3788,12.2852,12.2439,12.1932,12.161,12.103,12.049,12.0681,12.0135,11.9504,11.922,11.8836,11.8347,11.8082,11.7613,11.7137,11.6917,11.6632,11.6247,11.5655,11.504,11.5057,11.5391,11.5085,11.4837,11.4383,11.3807,11.3222,11.2387,11.2161,11.275,11.3322,11.2773,11.2098,11.1896,11.1389,11.0676,11.0662,11.1434,11.148,11.0661,10.9722,10.9777,10.9971,10.9101,10.921,10.9193,10.8852,10.8998,10.8337,10.7994,10.7911,10.8308,10.8027,10.6747,10.6503,10.6681,10.6213,10.5665,10.5065,10.4321,10/1/18
3,10/1/18 11:51,Ok,43.7474,43.2409,42.5402,41.8842,41.2678,40.582,40.0181,39.6234,39.2451,38.9482,38.6812,38.3514,38.059,37.7912,37.4022,36.9879,36.5237,36.1272,35.7741,35.3651,35.0589,34.7192,34.3317,33.907,33.5375,33.3799,33.1625,32.8407,32.5589,32.3336,32.1531,31.9361,31.695,31.4994,31.3015,31.1158,30.9428,30.7851,30.6219,30.4349,30.2757,30.1317,29.9491,29.7568,29.5695,29.3809,29.2208,29.048,28.8477,28.6587,28.4724,28.2878,28.1134,27.9319,27.7455,27.5935,27.4273,27.2079,26.9898,26.8209,26.6259,26.3689,26.1212,25.8994,25.6438,25.3986,25.1435,24.8585,24.572,24.2393,23.8995,23.6149,23.3635,23.0902,22.8163,22.5649,22.3018,22.0546,21.8212,21.6121,21.3774,21.0918,20.8229,20.5642,20.3656,20.1918,19.9641,19.7111,19.4968,19.3385,19.1693,18.9209,18.6599,18.4595,18.3043,18.1573,17.981,17.7845,17.6434,17.5367,17.3799,17.2124,17.0789,16.9588,16.8423,16.719,16.6194,16.5248,16.4016,16.3148,16.2365,16.1379,16.051,15.9894,15.9,15.8097,15.7091,15.615,15.5637,15.4681,15.3665,15.2704,15.1698,15.085,14.9758,14.8914,14.8209,14.6991,14.6039,14.5134,14.4457,14.3866,14.3025,14.2494,14.1807,14.0741,14.0109,13.9679,13.8638,13.7485,13.6929,13.6391,13.5694,13.5007,13.4166,13.3659,13.305,13.2396,13.1988,13.1687,13.1379,13.0967,13.0221,12.9207,12.8689,12.8111,12.7713,12.7248,12.6849,12.6969,12.6365,12.5679,12.5264,12.4899,12.4529,12.4274,12.3746,12.313,12.2831,12.2677,12.2276,12.1561,12.098,12.0913,12.1191,12.0861,12.0665,12.0318,11.9753,11.9163,11.8276,11.7946,11.8627,11.9176,11.8528,11.7948,11.7766,11.7208,11.6474,11.6252,11.6894,11.7072,11.6264,11.5499,11.5488,11.5405,11.4636,11.5014,11.514,11.4499,11.4411,11.3787,11.3414,11.3397,11.3767,11.3517,11.233,11.1753,11.1847,11.1717,11.1155,11.0651,11.0182,10/1/18
4,10/1/18 11:55,Ok,47.094,46.6276,45.9789,45.1976,44.4548,43.8286,43.2592,42.7704,42.3914,42.1258,41.9052,41.5851,41.2907,41.0281,40.6258,40.1975,39.7367,39.3231,38.947,38.527,38.1967,37.8268,37.3973,36.9415,36.5475,36.3447,36.1129,35.7883,35.4832,35.2389,35.041,34.8199,34.5835,34.3758,34.1799,33.9953,33.8241,33.6556,33.4811,33.2927,33.1318,32.9734,32.7981,32.6121,32.4074,32.2229,32.0464,31.8459,31.6522,31.4419,31.2233,31.0489,30.8907,30.6795,30.4988,30.335,30.1344,29.9299,29.7187,29.5401,29.3441,29.0754,28.7884,28.5472,28.2967,28.0392,27.7829,27.4665,27.1361,26.7991,26.4434,26.1455,25.8992,25.6119,25.3045,25.0286,24.7387,24.4876,24.2498,24.03,23.784,23.4718,23.1823,22.9256,22.7103,22.5152,22.2808,22.0218,21.796,21.6109,21.4225,21.1622,20.8895,20.674,20.5022,20.3376,20.1419,19.9298,19.7736,19.6455,19.4783,19.298,19.1515,19.0188,18.8802,18.7417,18.6385,18.5339,18.392,18.3026,18.2209,18.1012,18.0062,17.9422,17.8333,17.7248,17.6217,17.5261,17.4619,17.3433,17.234,17.1336,17.005,16.8963,16.7866,16.6941,16.6093,16.4745,16.3654,16.2656,16.1932,16.1203,16.0181,15.9552,15.882,15.7651,15.6922,15.6367,15.5138,15.3852,15.3211,15.2614,15.1877,15.1056,14.9985,14.9384,14.8654,14.782,14.7356,14.6961,14.6649,14.6147,14.5254,14.4216,14.361,14.2991,14.2552,14.1859,14.1288,14.1386,14.0695,14.0059,13.9599,13.913,13.868,13.8267,13.7661,13.7055,13.6781,13.6454,13.5816,13.5092,13.4586,13.4454,13.471,13.4418,13.4043,13.3464,13.2724,13.2001,13.1381,13.1113,13.1372,13.1873,13.1238,13.0595,13.041,12.9813,12.905,12.874,12.9319,12.9561,12.8687,12.781,12.7854,12.7726,12.6859,12.6899,12.669,12.6246,12.6346,12.5756,12.5299,12.5217,12.5567,12.5145,12.3958,12.3599,12.3627,12.3167,12.2569,12.2083,12.1359,10/1/18
5,10/1/18 11:59,Ok,45.4672,44.9445,44.1555,43.239,42.3687,41.7019,41.1515,40.6646,40.272,39.9518,39.6892,39.3811,39.0961,38.8482,38.4667,38.0413,37.5831,37.1861,36.8062,36.3803,36.044,35.6494,35.2248,34.7505,34.3323,34.134,33.8757,33.5338,33.2404,32.9821,32.7727,32.5605,32.3164,32.096,31.9008,31.7249,31.5556,31.3725,31.1759,30.9756,30.807,30.6254,30.4179,30.2216,30.0075,29.7949,29.6189,29.4156,29.2015,28.9834,28.781,28.6003,28.4288,28.2201,28.0147,27.8491,27.657,27.4275,27.1906,27.0002,26.7995,26.5371,26.2505,25.9753,25.7092,25.4531,25.1953,24.8902,24.5646,24.2088,23.8346,23.5478,23.3117,23.0169,22.7073,22.4499,22.183,21.9283,21.6801,21.4654,21.2275,20.9322,20.657,20.3957,20.1926,20.0023,19.7642,19.5183,19.3019,19.1323,18.9534,18.7002,18.431,18.2271,18.0768,17.9202,17.7372,17.5431,17.3995,17.2835,17.1204,16.9509,16.8168,16.6929,16.5682,16.44,16.3452,16.2522,16.1177,16.0285,15.9551,15.8509,15.7611,15.6983,15.6019,15.5042,15.403,15.311,15.2502,15.1443,15.0499,14.9513,14.8442,14.7488,14.6368,14.5598,14.4884,14.3646,14.262,14.1716,14.1078,14.0472,13.9539,13.8978,13.8347,13.7222,13.6604,13.6236,13.5156,13.3893,13.3263,13.2824,13.217,13.1382,13.0454,12.9948,12.9384,12.8701,12.8171,12.7956,12.781,12.7262,12.6374,12.5497,12.5058,12.4518,12.4112,12.3532,12.2971,12.2994,12.2514,12.1971,12.1556,12.1019,12.0628,12.0354,11.9806,11.9318,11.9194,11.89,11.8364,11.7726,11.7146,11.7171,11.7387,11.7009,11.6827,11.6424,11.5738,11.5118,11.4389,11.4092,11.4627,11.5105,11.4665,11.4153,11.3888,11.3289,11.2599,11.2534,11.2981,11.3259,11.2661,11.1621,11.1488,11.1543,11.0939,11.1024,11.0768,11.0294,11.0382,10.986,10.9562,10.9516,10.9875,10.9765,10.8555,10.8108,10.8223,10.7697,10.7269,10.7006,10.6311,10/1/18
6,10/1/18 12:03,Ok,46.0867,45.353,44.4479,43.4688,42.5945,41.8618,41.2954,40.8166,40.3861,40.0864,39.8325,39.4981,39.1943,38.9238,38.5193,38.0822,37.6069,37.2018,36.8282,36.4042,36.0724,35.7003,35.281,34.8208,34.425,34.2302,33.9793,33.6443,33.3473,33.0936,32.8855,32.6614,32.4126,32.1853,31.9717,31.7897,31.6152,31.4251,31.2289,31.0323,30.8541,30.6857,30.4884,30.2929,30.0867,29.8906,29.7235,29.5508,29.3542,29.1235,28.9196,28.7525,28.5858,28.402,28.2072,28.0627,27.8939,27.6364,27.4169,27.213,26.9926,26.7458,26.4777,26.2142,25.9352,25.682,25.4521,25.1711,24.8623,24.5392,24.198,23.8991,23.6657,23.4221,23.1404,22.8802,22.6203,22.3829,22.1544,21.9567,21.7353,21.4508,21.1841,20.9412,20.7486,20.5838,20.3682,20.1292,19.9246,19.7702,19.6029,19.3494,19.0872,18.9006,18.7599,18.6038,18.4305,18.2546,18.116,18.0031,17.844,17.6705,17.5366,17.4135,17.2835,17.1454,17.0377,16.932,16.7871,16.6922,16.6063,16.493,16.4039,16.3345,16.2361,16.1354,16.0375,15.9452,15.8725,15.7606,15.6649,15.5688,15.4456,15.3441,15.2447,15.1685,15.0806,14.9518,14.8534,14.7629,14.6958,14.6276,14.5281,14.465,14.4044,14.2885,14.2185,14.1801,14.0667,13.9346,13.8794,13.8392,13.7622,13.6814,13.5814,13.5262,13.4668,13.3963,13.3476,13.313,13.2966,13.2504,13.173,13.0856,13.0216,12.9652,12.9236,12.8544,12.8015,12.812,12.7673,12.7171,12.6763,12.6097,12.5623,12.5405,12.489,12.4485,12.4294,12.3918,12.3297,12.2567,12.2038,12.205,12.2322,12.1923,12.165,12.1348,12.0728,11.9985,11.9101,11.8822,11.9381,12.0007,11.9506,11.9034,11.8798,11.8188,11.7571,11.7317,11.7634,11.7827,11.7327,11.6555,11.6452,11.6515,11.5934,11.6086,11.5705,11.5254,11.5613,11.5174,11.4986,11.4898,11.5355,11.5267,11.3993,11.3688,11.3971,11.3624,11.3393,11.3225,11.2318,10/1/18
7,10/1/18 12:07,Ok,53.5046,52.7379,51.8513,50.928,50.0519,49.3662,48.836,48.3056,47.881,47.626,47.3493,46.9676,46.6666,46.4204,46.0005,45.5042,44.9662,44.5242,44.1441,43.7076,43.4332,43.0808,42.682,42.2323,41.8076,41.6702,41.4715,41.1101,40.8007,40.5606,40.3436,40.1372,39.903,39.6398,39.4003,39.2484,39.1216,38.9226,38.7045,38.4969,38.3396,38.1631,37.9497,37.7437,37.5208,37.3269,37.1593,36.972,36.7999,36.5735,36.3536,36.2114,36.0246,35.8132,35.6114,35.4429,35.2765,35.0219,34.7665,34.5834,34.3919,34.1446,33.8663,33.6203,33.359,33.1002,32.8655,32.5928,32.2681,31.9199,31.5643,31.2782,31.061,30.7864,30.5318,30.344,30.0883,29.8402,29.6213,29.4556,29.2346,28.9379,28.6799,28.4199,28.2124,28.0941,27.9787,27.799,27.5668,27.3488,27.1159,26.8401,26.6207,26.4746,26.336,26.1912,26.0082,25.8292,25.7133,25.5814,25.4161,25.253,25.1222,24.9766,24.7934,24.6414,24.5603,24.446,24.2712,24.1666,24.0826,23.9669,23.8913,23.8059,23.6515,23.5577,23.5071,23.4242,23.3509,23.2381,23.0991,22.9815,22.8523,22.7147,22.5886,22.5065,22.4234,22.3028,22.1825,22.0924,22.0638,21.988,21.8284,21.7589,21.7439,21.6337,21.5547,21.4944,21.3404,21.2086,21.1777,21.1313,21.0216,20.9078,20.7902,20.7298,20.6723,20.5892,20.5227,20.4758,20.4525,20.4072,20.3141,20.2153,20.1585,20.077,20.0195,19.9575,19.8911,19.8751,19.8111,19.7539,19.7311,19.6507,19.5763,19.5611,19.5083,19.4771,19.4478,19.3791,19.3064,19.2385,19.1616,19.1149,19.1309,19.114,19.087,19.0371,18.9708,18.8951,18.7891,18.7457,18.7886,18.8388,18.8217,18.7658,18.6907,18.6043,18.5439,18.5591,18.5851,18.5894,18.4996,18.3849,18.3981,18.3708,18.2832,18.319,18.2745,18.2066,18.2436,18.2246,18.2143,18.1617,18.1648,18.2082,18.1335,18.0616,18.0478,17.9637,17.9189,17.9397,17.8697,10/1/18
8,10/1/18 12:11,Ok,56.3163,55.4147,54.4582,53.3058,52.3709,51.6319,51.021,50.5849,50.1061,49.7202,49.4736,49.076,48.7114,48.4241,47.9703,47.4763,46.9047,46.4202,45.9978,45.5312,45.2066,44.8373,44.4199,43.9253,43.4719,43.3067,43.0875,42.7181,42.3757,42.0641,41.8525,41.6656,41.3834,41.1293,40.8968,40.6772,40.4929,40.3155,40.0894,39.8381,39.6525,39.4812,39.2679,39.0293,38.7762,38.5639,38.3908,38.1961,37.9726,37.7471,37.5211,37.3215,37.1385,36.9609,36.7522,36.5435,36.3542,36.107,35.8582,35.6805,35.4688,35.1912,34.9066,34.6438,34.3769,34.1171,33.873,33.5639,33.2299,32.8871,32.5311,32.24,32.0285,31.7905,31.5027,31.2499,31.0004,30.7625,30.5453,30.3614,30.1222,29.8359,29.5516,29.2886,29.0914,28.9487,28.8127,28.6173,28.389,28.189,27.9747,27.7052,27.4649,27.2957,27.1622,27.0116,26.8292,26.6546,26.5249,26.3988,26.2341,26.0546,25.9215,25.7942,25.6313,25.4706,25.3655,25.2526,25.0922,24.9662,24.8922,24.787,24.6945,24.6274,24.5006,24.4129,24.3533,24.2634,24.1823,24.064,23.9428,23.8209,23.6798,23.5525,23.4388,23.3579,23.2727,23.1597,23.0439,22.9561,22.9206,22.8524,22.7171,22.6448,22.6172,22.5131,22.4253,22.3614,22.2313,22.1025,22.0481,21.9991,21.8948,21.7859,21.6771,21.6207,21.5657,21.4797,21.4108,21.3717,21.3578,21.3192,21.225,21.1147,21.057,20.9889,20.9444,20.8683,20.8024,20.808,20.744,20.6882,20.667,20.5912,20.5206,20.4987,20.4521,20.4073,20.368,20.3244,20.2715,20.186,20.1057,20.0786,20.095,20.0692,20.0276,19.9725,19.9302,19.842,19.7628,19.7238,19.7483,19.8088,19.7574,19.7155,19.6821,19.6093,19.5441,19.5153,19.5371,19.5328,19.4655,19.3976,19.4176,19.3938,19.2701,19.2959,19.2717,19.1799,19.2231,19.2294,19.2055,19.1567,19.1892,19.2152,19.0901,19.0273,19.0495,18.9969,18.9186,18.9029,18.8782,10/1/18
9,10/1/18 12:15,Ok,63.1446,61.5258,59.9194,58.5178,57.3329,56.326,55.4488,54.6687,54.0033,53.4107,52.8589,52.2738,51.8019,51.3353,50.6479,49.9376,49.2189,48.6378,48.1495,47.6036,47.1912,46.7309,46.2361,45.6781,45.1973,44.9835,44.6607,44.193,43.7357,43.378,43.0697,42.7201,42.3667,41.9863,41.6313,41.3539,41.0581,40.7723,40.4727,40.1552,39.8974,39.6585,39.3803,39.0923,38.7905,38.5159,38.2989,38.0425,37.7388,37.4673,37.2428,37.0009,36.7436,36.5183,36.2244,35.9871,35.7952,35.4939,35.2282,35.0017,34.756,34.4607,34.1402,33.8552,33.5597,33.281,33.0064,32.6671,32.3046,31.9418,31.5848,31.2992,31.0517,30.7673,30.4599,30.2053,29.9721,29.7085,29.4406,29.2344,29.0044,28.7105,28.4384,28.1809,27.9582,27.7952,27.641,27.4263,27.1888,26.9865,26.7625,26.4798,26.2386,26.0709,25.9119,25.749,25.5668,25.3872,25.2519,25.1215,24.9507,24.7697,24.6362,24.4982,24.3344,24.1743,24.073,23.9685,23.7883,23.6742,23.6096,23.4898,23.394,23.3194,23.1923,23.0979,23.0323,22.9469,22.8629,22.7485,22.6168,22.5065,22.3854,22.2524,22.1225,22.0475,21.9676,21.8382,21.7155,21.6271,21.6045,21.5423,21.3931,21.3174,21.2968,21.1819,21.0858,21.0345,20.9173,20.7867,20.726,20.6811,20.5831,20.4725,20.3593,20.3008,20.2487,20.1769,20.1105,20.0684,20.0581,20.0169,19.9254,19.8161,19.7564,19.6918,19.6375,19.5643,19.4932,19.5075,19.4652,19.4067,19.373,19.2958,19.23,19.2051,19.173,19.1473,19.1,19.0483,18.987,18.9084,18.8621,18.8245,18.8401,18.8179,18.7818,18.7292,18.6732,18.5848,18.4542,18.4419,18.5288,18.5711,18.5202,18.4863,18.4538,18.3796,18.3284,18.3122,18.3181,18.3126,18.2998,18.2254,18.1968,18.1567,18.0508,18.062,18.0467,18,18.0195,18.0144,18.0223,17.9707,17.9725,17.9978,17.8967,17.8433,17.859,17.7645,17.6868,17.7311,17.6884,10/1/18
1,10/8/18 11:11,Ok,16.2957,16.1289,15.8536,15.4936,15.1102,14.7743,14.491,14.2448,14.031,13.8179,13.581,13.4547,13.3822,13.1984,12.9818,12.8063,12.6856,12.5979,12.4949,12.4041,12.3084,12.1686,12.0155,11.9661,11.9708,11.878,11.7478,11.6647,11.6004,11.5264,11.4357,11.316,11.2008,11.118,11.0326,10.9406,10.8385,10.7281,10.653,10.5869,10.5073,10.4295,10.3551,10.308,10.2682,10.194,10.0986,10.0254,9.9641,9.9193,9.8891,9.8342,9.7777,9.7284,9.6799,9.6562,9.6255,9.5674,9.5246,9.4882,9.4467,9.4008,9.3657,9.3522,9.333,9.3066,9.2499,9.1943,9.1824,9.1468,9.0897,9.0774,9.0817,9.0526,9.0481,9.0684,9.0441,9.0543,9.0365,9.0216,9.0158,8.968,8.9532,8.9432,8.9283,8.8719,8.7832,8.7433,8.776,8.8526,8.874,8.809,8.7403,8.7015,8.7073,8.7158,8.6956,8.6725,8.678,8.7096,8.6792,8.6349,8.6388,8.6299,8.6134,8.6129,8.5998,8.5637,8.5277,8.5456,8.5661,8.5368,8.527,8.5857,8.6179,8.591,8.5339,8.5247,8.5449,8.5051,8.5116,8.5147,8.4908,8.4885,8.4877,8.5018,8.4942,8.4851,8.4817,8.4309,8.4466,8.499,8.5312,8.5333,8.4793,8.4582,8.4926,8.5223,8.466,8.3914,8.4192,8.4253,8.4091,8.4202,8.3993,8.384,8.3781,8.384,8.4028,8.4355,8.4716,8.4437,8.4018,8.3681,8.345,8.358,8.3722,8.3519,8.3579,8.4247,8.3985,8.3684,8.3461,8.339,8.381,8.3793,8.3587,8.3308,8.3065,8.3199,8.3233,8.3045,8.3015,8.3364,8.366,8.344,8.3712,8.3558,8.304,8.2996,8.2542,8.2236,8.3094,8.3948,8.3519,8.3211,8.3129,8.2928,8.2687,8.2801,8.3504,8.3825,8.3446,8.2713,8.3026,8.3244,8.2614,8.3063,8.3166,8.2947,8.3077,8.2751,8.2883,8.2962,8.3268,8.3123,8.2433,8.2392,8.2231,8.1958,8.1693,8.1351,8.1203,10/8/18
3,10/8/18 11:19,Ok,18.6439,18.4315,18.0771,17.6343,17.1772,16.7908,16.4844,16.2084,15.9709,15.741,15.4825,15.345,15.2679,15.0779,14.8486,14.6505,14.5061,14.4021,14.2801,14.1649,14.0478,13.8846,13.7009,13.619,13.6002,13.4969,13.3587,13.2639,13.196,13.1218,13.0288,12.9069,12.7915,12.7058,12.6083,12.511,12.4081,12.2934,12.214,12.1399,12.0556,11.965,11.8843,11.8291,11.7814,11.7102,11.6096,11.5348,11.4644,11.4091,11.3786,11.3214,11.2566,11.2008,11.1452,11.1018,11.0688,11.0154,10.9654,10.9276,10.8814,10.8265,10.7886,10.775,10.7585,10.7244,10.6578,10.5952,10.5702,10.5276,10.4705,10.4537,10.454,10.4177,10.4035,10.42,10.3875,10.3921,10.3671,10.3484,10.3356,10.2774,10.2535,10.2383,10.2218,10.1565,10.0563,10.0063,10.0345,10.1077,10.1211,10.0485,9.9755,9.9291,9.9233,9.9223,9.8945,9.8665,9.87,9.8954,9.8558,9.806,9.8042,9.7832,9.7611,9.7609,9.7457,9.7032,9.6609,9.6702,9.6891,9.6609,9.6403,9.6911,9.7214,9.6908,9.6278,9.6176,9.6372,9.5867,9.5914,9.5901,9.5587,9.5519,9.5441,9.552,9.5463,9.5343,9.5246,9.4653,9.4719,9.5198,9.55,9.5481,9.4887,9.4628,9.4948,9.5175,9.4605,9.3862,9.4034,9.4027,9.3792,9.3867,9.3669,9.3531,9.3361,9.3377,9.3531,9.3776,9.4046,9.3721,9.3351,9.3035,9.2824,9.2805,9.2815,9.2665,9.2748,9.3301,9.2999,9.2688,9.2404,9.2185,9.2571,9.2634,9.246,9.2105,9.1732,9.1891,9.1966,9.1723,9.1611,9.1884,9.2174,9.195,9.2109,9.193,9.1395,9.1285,9.0916,9.0669,9.1375,9.2072,9.1509,9.1187,9.1204,9.1031,9.0775,9.0801,9.1507,9.1768,9.1526,9.0967,9.112,9.1154,9.0568,9.1068,9.1074,9.093,9.1021,9.048,9.0654,9.0742,9.095,9.0822,9.0052,8.9903,8.9774,8.9436,8.9098,8.8792,8.8667,10/8/18
4,10/8/18 11:23,Ok,22.269,22.1419,21.8524,21.4443,21.0046,20.627,20.3254,20.064,19.8347,19.5853,19.3088,19.1792,19.1104,18.9035,18.6633,18.4634,18.3256,18.2203,18.0885,17.9755,17.851,17.6704,17.4742,17.3946,17.3873,17.2733,17.1192,17.028,16.9644,16.8893,16.7928,16.664,16.543,16.4543,16.3634,16.2595,16.1471,16.0358,15.9583,15.8839,15.7899,15.6927,15.6023,15.5431,15.495,15.4181,15.3115,15.219,15.1487,15.0949,15.0602,14.9928,14.9125,14.8645,14.8182,14.7632,14.7084,14.6512,14.6131,14.5709,14.5028,14.4507,14.4221,14.4051,14.3931,14.3633,14.2858,14.2017,14.1705,14.1286,14.0724,14.0531,14.0465,14.0049,13.9903,14.0067,13.9726,13.988,13.9614,13.9294,13.9124,13.863,13.8484,13.8351,13.8197,13.7417,13.6205,13.5734,13.6241,13.7058,13.7294,13.6684,13.5896,13.53,13.5201,13.522,13.5048,13.4839,13.4826,13.5079,13.4708,13.4217,13.417,13.4011,13.3891,13.3909,13.365,13.3167,13.278,13.2857,13.3031,13.2745,13.256,13.3226,13.371,13.3512,13.2877,13.269,13.279,13.2234,13.2292,13.2293,13.1939,13.1968,13.2009,13.2148,13.2073,13.1924,13.1917,13.1408,13.1476,13.2043,13.2509,13.2473,13.1811,13.1586,13.1935,13.2212,13.1746,13.1042,13.1152,13.1027,13.0813,13.0946,13.0758,13.0553,13.0428,13.0489,13.0641,13.1066,13.1405,13.1162,13.0814,13.0302,13.0004,13.0108,13.0239,13.0018,13.0158,13.0962,13.0785,13.0479,13.0115,13.0076,13.0639,13.0595,13.0237,12.988,12.9423,12.9507,12.9664,12.9499,12.9612,12.9977,13.0276,13.0011,13.0341,13.0329,12.9677,12.9428,12.8962,12.894,12.9826,13.0541,12.9928,12.9732,13.0004,12.9752,12.9396,12.9463,13.0014,13.0143,13.0002,12.9764,13.0094,13.0121,12.9396,12.9804,12.9871,12.9493,12.9609,12.9393,12.9678,12.9935,13.0305,13.0047,12.9025,12.8849,12.8897,12.8783,12.8391,12.8019,12.8055,10/8/18
5,10/8/18 11:27,Ok,21.7857,21.6018,21.2453,20.7759,20.3084,19.9242,19.6181,19.3685,19.1562,18.9424,18.7185,18.609,18.5402,18.3664,18.1708,18.0079,17.8888,17.7855,17.6633,17.5467,17.4194,17.2484,17.0449,16.9292,16.8821,16.7616,16.6156,16.519,16.448,16.3652,16.2748,16.1658,16.0566,15.9733,15.876,15.7852,15.6911,15.5841,15.5181,15.4501,15.3539,15.2644,15.1787,15.1202,15.0736,14.9943,14.8962,14.8261,14.7607,14.7021,14.6596,14.5973,14.5306,14.486,14.4294,14.3832,14.3534,14.2909,14.2411,14.2011,14.1485,14.1013,14.0707,14.061,14.0477,14.0132,13.9415,13.8638,13.8317,13.7884,13.7328,13.7048,13.7116,13.6829,13.6568,13.679,13.6425,13.6495,13.6185,13.592,13.584,13.5312,13.5111,13.4896,13.4617,13.4002,13.3007,13.2611,13.2991,13.3576,13.3735,13.3126,13.2287,13.1721,13.175,13.1824,13.1566,13.1332,13.1388,13.1615,13.1216,13.0737,13.0683,13.0567,13.041,13.0329,13.0129,12.979,12.9377,12.9513,12.9674,12.9332,12.9238,12.9837,13.0106,12.9884,12.9368,12.9233,12.9396,12.8877,12.8914,12.8905,12.8616,12.8537,12.8442,12.8605,12.8566,12.8458,12.8372,12.7883,12.8098,12.8647,12.8922,12.8875,12.8322,12.808,12.8452,12.8717,12.8157,12.7411,12.7587,12.7599,12.734,12.7488,12.7296,12.7025,12.6992,12.7033,12.7085,12.7451,12.7737,12.7541,12.7325,12.683,12.6388,12.6439,12.6621,12.6567,12.6678,12.7233,12.7036,12.6753,12.6422,12.6472,12.7017,12.6843,12.6482,12.6321,12.5982,12.5892,12.5921,12.5754,12.5836,12.6287,12.6721,12.6424,12.6465,12.6282,12.5775,12.5813,12.5369,12.5225,12.6201,12.691,12.6197,12.5945,12.625,12.5957,12.5596,12.5904,12.6496,12.6488,12.6247,12.5816,12.6145,12.6308,12.551,12.5905,12.5771,12.5532,12.6007,12.5735,12.6046,12.6059,12.6248,12.6143,12.5217,12.5095,12.5259,12.4903,12.4412,12.4255,12.432,10/8/18
6,10/8/18 11:31,Ok,20.9871,20.4177,19.7095,19.0072,18.3963,17.934,17.6096,17.36,17.1555,16.9729,16.8053,16.7216,16.6485,16.4892,16.3112,16.1583,16.0367,15.9168,15.7909,15.6649,15.5156,15.3232,15.0984,14.9434,14.829,14.6764,14.5182,14.3838,14.2704,14.1653,14.0678,13.9473,13.8193,13.7187,13.6188,13.5291,13.4192,13.2922,13.2055,13.1194,13.026,12.9416,12.8656,12.8058,12.7494,12.6715,12.5809,12.5101,12.4486,12.3927,12.3575,12.3057,12.2364,12.1921,12.1457,12.103,12.0645,11.9956,11.9401,11.8966,11.8353,11.7762,11.7355,11.707,11.6728,11.6356,11.5823,11.5273,11.5001,11.4617,11.4035,11.3685,11.3714,11.3503,11.3318,11.348,11.3109,11.3176,11.285,11.2661,11.2698,11.2095,11.1749,11.143,11.1202,11.0768,11.0001,10.9659,10.9882,11.0296,11.0322,10.9676,10.879,10.8227,10.8372,10.8476,10.8179,10.7903,10.7943,10.8161,10.7781,10.7293,10.7146,10.6917,10.6583,10.6319,10.6052,10.5681,10.5131,10.5063,10.5147,10.4819,10.4644,10.5026,10.4961,10.4644,10.4225,10.402,10.4126,10.3628,10.3499,10.3422,10.314,10.293,10.2731,10.2736,10.2745,10.2592,10.2275,10.178,10.2069,10.2459,10.2416,10.2299,10.1828,10.156,10.1895,10.2069,10.1304,10.056,10.0829,10.0839,10.0612,10.0627,10.0327,10.0081,9.9941,9.9853,9.983,10.0128,10.0351,10.0149,9.9919,9.9402,9.908,9.9269,9.9329,9.9059,9.9187,9.9669,9.9192,9.8925,9.8757,9.8523,9.8877,9.8967,9.8693,9.8532,9.8269,9.8353,9.8295,9.7888,9.7874,9.8185,9.8723,9.8338,9.8245,9.8176,9.7565,9.7411,9.713,9.7077,9.802,9.8688,9.7856,9.7554,9.7657,9.7344,9.7136,9.7544,9.8163,9.8057,9.7695,9.7374,9.7683,9.7537,9.6922,9.7592,9.7565,9.7269,9.7744,9.7734,9.7811,9.7584,9.7764,9.795,9.7467,9.7525,9.7679,9.7591,9.7062,9.6621,9.6793,10/8/18
7,10/8/18 11:35,Ok,25.043,24.4623,23.8277,23.1678,22.5529,22.0874,21.7338,21.4388,21.1962,20.9539,20.6944,20.5432,20.4259,20.1928,19.921,19.6795,19.491,19.3289,19.1652,19.0161,18.8569,18.6671,18.4646,18.3576,18.2914,18.1467,17.9942,17.8858,17.7921,17.6844,17.5696,17.4331,17.3013,17.1959,17.0817,16.976,16.8583,16.7279,16.6432,16.5643,16.4644,16.3749,16.294,16.2333,16.1848,16.112,16.017,15.9518,15.8974,15.8435,15.81,15.7558,15.692,15.6398,15.5909,15.5551,15.5099,15.4389,15.3906,15.3502,15.2898,15.2389,15.2109,15.1949,15.1765,15.1491,15.094,15.0361,15.0159,14.9868,14.9522,14.9441,14.9535,14.9408,14.9491,14.9811,14.9547,14.9787,14.9659,14.9467,14.9568,14.9211,14.8985,14.8742,14.865,14.8306,14.7456,14.7181,14.7623,14.8303,14.8558,14.8064,14.7224,14.6704,14.6887,14.7095,14.7012,14.6854,14.6963,14.7323,14.6938,14.644,14.635,14.6161,14.5939,14.5717,14.5324,14.4921,14.4384,14.4412,14.4576,14.4273,14.4154,14.4683,14.4869,14.46,14.413,14.3917,14.3958,14.3502,14.3474,14.3632,14.3313,14.3004,14.3004,14.3227,14.3258,14.305,14.2874,14.2519,14.2818,14.3361,14.3473,14.3448,14.3031,14.2695,14.3042,14.3397,14.2764,14.2011,14.2207,14.2207,14.202,14.2125,14.187,14.1668,14.1683,14.1705,14.1797,14.2203,14.252,14.2369,14.2205,14.1649,14.1121,14.142,14.1605,14.1421,14.168,14.2175,14.1829,14.1798,14.1643,14.1428,14.1977,14.2079,14.1652,14.1432,14.1253,14.1297,14.1331,14.1133,14.1043,14.141,14.2189,14.1932,14.1758,14.1604,14.1193,14.1127,14.0845,14.0868,14.1677,14.2374,14.1847,14.1599,14.184,14.1803,14.1564,14.1734,14.2359,14.2395,14.2053,14.1669,14.2158,14.2377,14.1921,14.2374,14.2104,14.2084,14.2744,14.2658,14.3038,14.305,14.3263,14.3381,14.272,14.2887,14.3149,14.2888,14.2602,14.2287,14.245,10/8/18
8,10/8/18 11:39,Ok,29.2294,28.4776,27.7124,26.9696,26.2958,25.7636,25.3527,25.0067,24.7061,24.4185,24.1146,23.9024,23.7462,23.5056,23.202,22.9199,22.687,22.4888,22.3078,22.1401,21.9781,21.786,21.5721,21.4276,21.3252,21.1882,21.0311,20.89,20.7625,20.6369,20.5144,20.3612,20.2031,20.0705,19.935,19.81,19.6749,19.5336,19.4284,19.3267,19.2187,19.1139,19.0198,18.9537,18.8872,18.8027,18.7129,18.6362,18.555,18.4958,18.4639,18.3931,18.3113,18.2574,18.2062,18.1635,18.1136,18.0374,17.9803,17.9445,17.8696,17.8134,17.7937,17.769,17.7472,17.7224,17.667,17.6066,17.587,17.5546,17.5193,17.5117,17.5169,17.5011,17.5067,17.5443,17.5312,17.5522,17.5315,17.501,17.5097,17.4769,17.4494,17.4171,17.4014,17.377,17.3184,17.3029,17.3378,17.3874,17.3905,17.3375,17.276,17.231,17.2491,17.2737,17.2681,17.2546,17.2583,17.2904,17.2634,17.218,17.2035,17.1933,17.1725,17.1448,17.1167,17.088,17.0341,17.0247,17.0474,17.0325,17.0273,17.0786,17.0927,17.0663,17.0396,17.029,17.0347,16.9931,16.9758,16.9943,16.9795,16.9451,16.9306,16.9549,16.9754,16.96,16.94,16.9127,16.9578,17.0185,17.011,17.0123,16.9928,16.964,16.9957,17.0283,16.9667,16.9049,16.9299,16.9266,16.9092,16.9117,16.893,16.876,16.8695,16.8914,16.8991,16.9177,16.9564,16.9482,16.9372,16.8953,16.8489,16.8541,16.8904,16.883,16.8788,16.9426,16.9124,16.9172,16.9062,16.8795,16.9375,16.9533,16.9212,16.916,16.9012,16.8939,16.8902,16.8723,16.8871,16.9256,16.993,16.9713,16.9437,16.9275,16.8965,16.8953,16.8457,16.859,16.9677,17.0126,16.9619,16.9854,17.0095,16.9905,16.9624,16.984,17.0513,17.0591,17.0272,16.9969,17.0542,17.0468,16.9841,17.0362,17.0142,16.9967,17.0616,17.0744,17.1238,17.119,17.1501,17.1945,17.1242,17.1042,17.1095,17.1136,17.0922,17.0589,17.0928,10/8/18
9,10/8/18 11:43,Ok,34.4891,33.2921,32.1853,31.2129,30.309,29.5362,28.9473,28.4322,27.954,27.5196,27.0829,26.7086,26.4267,26.1273,25.7319,25.3362,24.9935,24.7176,24.4965,24.2795,24.0958,23.8954,23.6545,23.4452,23.2647,23.1143,22.9384,22.7235,22.523,22.3314,22.1627,21.9711,21.7458,21.5436,21.3528,21.1702,20.9814,20.7948,20.6335,20.4833,20.3468,20.212,20.0741,19.9628,19.849,19.7298,19.6155,19.5038,19.4106,19.3075,19.2158,19.1403,19.0555,18.9673,18.8675,18.8008,18.7377,18.6355,18.5541,18.5003,18.4228,18.3488,18.294,18.2432,18.1974,18.1498,18.0942,18.0344,17.9884,17.924,17.8662,17.8563,17.8637,17.8467,17.8323,17.8429,17.8221,17.8312,17.8078,17.7923,17.7887,17.7253,17.6835,17.6376,17.601,17.5827,17.55,17.5326,17.5371,17.5436,17.5004,17.426,17.3776,17.3399,17.3495,17.3677,17.3558,17.3282,17.3292,17.3549,17.3165,17.2753,17.2609,17.2418,17.2047,17.1646,17.1406,17.1211,17.0669,17.05,17.0699,17.0551,17.0519,17.0921,17.073,17.0394,17.0353,17.0365,17.0436,17.0104,16.9912,16.9925,16.9744,16.9345,16.9102,16.9295,16.9428,16.9297,16.9033,16.8768,16.9358,16.9797,16.9433,16.9443,16.9435,16.9235,16.9598,16.984,16.8884,16.8284,16.8854,16.8889,16.8641,16.8429,16.8199,16.8168,16.8035,16.8052,16.8121,16.8449,16.8837,16.8639,16.8489,16.8187,16.7697,16.7875,16.8168,16.784,16.7892,16.8653,16.8217,16.7993,16.8039,16.7832,16.8193,16.8483,16.8171,16.8063,16.7982,16.7878,16.7768,16.7701,16.7786,16.7878,16.8644,16.8609,16.8346,16.8141,16.7736,16.7795,16.7528,16.7612,16.8391,16.9041,16.8493,16.8334,16.8645,16.8369,16.8108,16.852,16.9157,16.9198,16.8881,16.874,16.9216,16.8947,16.82,16.8813,16.8795,16.8664,16.9288,16.9517,16.9744,16.9524,16.9715,17.0225,17.0023,16.9766,16.9664,16.9315,16.9031,16.9068,16.936,10/8/18
1,10/15/18 12:32,Ok,18.6442,18.4181,18.0069,17.4314,16.8229,16.3177,15.9194,15.5736,15.2672,14.945,14.6167,14.4648,14.3283,14.0044,13.6879,13.4541,13.2994,13.1597,12.9765,12.8233,12.6268,12.3978,12.2054,12.1591,12.1423,11.9529,11.7654,11.6857,11.6144,11.5115,11.3737,11.2155,11.0862,10.9784,10.8728,10.7506,10.608,10.4664,10.3734,10.2889,10.1652,10.0504,9.9637,9.8813,9.8089,9.7233,9.5907,9.4697,9.3798,9.3114,9.2452,9.1562,9.0705,9.0068,8.9289,8.8555,8.7942,8.7262,8.6559,8.5839,8.5058,8.4338,8.3729,8.3146,8.2621,8.2125,8.1214,8.0189,7.9911,7.9521,7.8672,7.8207,7.782,7.7096,7.6913,7.6798,7.6134,7.6137,7.5851,7.5197,7.4799,7.4333,7.3944,7.3394,7.3351,7.2531,7.0569,6.9729,6.9967,7.0907,7.1704,7.0688,6.8847,6.8294,6.8455,6.8499,6.7959,6.7421,6.7538,6.7607,6.7103,6.6589,6.6118,6.6047,6.6472,6.6243,6.5452,6.5116,6.4886,6.4843,6.5113,6.4811,6.4327,6.4763,6.5417,6.5082,6.3881,6.3345,6.347,6.3198,6.3203,6.3257,6.3002,6.2933,6.3069,6.3,6.2574,6.2317,6.2343,6.2098,6.1801,6.2211,6.2828,6.2446,6.1805,6.1324,6.1465,6.2096,6.161,6.0508,6.0445,6.0571,6.0432,6.0348,6.0194,6.061,6.0625,6.0008,5.9816,6.0146,6.0776,6.062,5.985,5.9272,5.9319,5.9581,5.9364,5.9186,5.9294,5.9578,5.9576,5.9399,5.9047,5.8789,5.9091,5.8946,5.8431,5.8079,5.7591,5.7838,5.836,5.8122,5.784,5.811,5.8439,5.8285,5.8269,5.8064,5.7732,5.7606,5.705,5.6714,5.7582,5.8264,5.7381,5.7121,5.7922,5.773,5.6678,5.631,5.7017,5.7304,5.7637,5.7365,5.7085,5.7288,5.6718,5.6887,5.6458,5.6197,5.6618,5.629,5.639,5.689,5.7311,5.6568,5.5643,5.5591,5.565,5.5091,5.4741,5.4731,5.4635,10/15/18
3,10/15/18 12:39,Ok,20.9125,20.6285,20.1473,19.5323,18.9251,18.4347,18.0443,17.7147,17.4242,17.1178,16.8076,16.6748,16.5513,16.2387,15.9398,15.7195,15.5703,15.427,15.2295,15.0588,14.8466,14.5915,14.3625,14.2778,14.2375,14.0317,13.8206,13.7215,13.6375,13.5308,13.3879,13.2198,13.0871,12.9759,12.8696,12.7448,12.6013,12.4657,12.3753,12.2867,12.1702,12.0497,11.9561,11.879,11.8023,11.7036,11.5665,11.4517,11.3578,11.2802,11.2179,11.1239,11.0249,10.9604,10.8868,10.8103,10.7451,10.6734,10.6091,10.5399,10.4567,10.3836,10.3261,10.2761,10.2252,10.1712,10.0635,9.9494,9.916,9.8669,9.777,9.7243,9.6766,9.5997,9.5694,9.5385,9.4601,9.4524,9.412,9.3416,9.2936,9.2299,9.1923,9.1293,9.1032,9.0119,8.8123,8.7125,8.7242,8.8093,8.8813,8.7734,8.5778,8.5102,8.5163,8.5114,8.4407,8.3715,8.3808,8.3811,8.3151,8.2545,8.1983,8.1735,8.206,8.187,8.099,8.0511,8.0288,8.0239,8.0354,7.9991,7.9558,7.9918,8.0395,7.9968,7.878,7.8214,7.8211,7.7877,7.7792,7.7758,7.7511,7.7375,7.7391,7.7269,7.6775,7.6432,7.6457,7.6035,7.5572,7.6001,7.649,7.6031,7.5374,7.4843,7.4904,7.5396,7.4879,7.3742,7.353,7.3625,7.346,7.334,7.3111,7.3365,7.3327,7.278,7.248,7.2778,7.3298,7.3044,7.2343,7.1679,7.1561,7.1709,7.1548,7.1272,7.1219,7.1513,7.148,7.1226,7.0893,7.0657,7.0817,7.054,7.0014,6.9654,6.9089,6.9369,6.9838,6.9404,6.8996,6.9279,6.9681,6.941,6.9384,6.9246,6.8642,6.8451,6.7925,6.7688,6.8442,6.8939,6.8223,6.7871,6.8521,6.8305,6.738,6.6811,6.7297,6.7823,6.7953,6.747,6.7253,6.7386,6.6911,6.7035,6.6398,6.6143,6.6686,6.6294,6.6262,6.6663,6.7135,6.6406,6.5241,6.5211,6.5406,6.491,6.4283,6.4193,6.4212,10/15/18
4,10/15/18 12:43,Ok,18.7149,18.4574,18.0056,17.4021,16.7878,16.288,15.8715,15.5193,15.2203,14.8954,14.5688,14.4164,14.2827,13.9699,13.6678,13.4535,13.3069,13.1663,12.9815,12.8221,12.6212,12.3924,12.2008,12.138,12.1035,11.9117,11.7197,11.6297,11.5553,11.4567,11.3165,11.156,11.0336,10.9286,10.8178,10.6922,10.5521,10.415,10.3221,10.2345,10.1122,9.9862,9.8948,9.815,9.7327,9.6401,9.5168,9.3885,9.2931,9.2285,9.1738,9.0891,8.9895,8.9181,8.8401,8.7765,8.7067,8.6234,8.5677,8.4981,8.4175,8.3468,8.2908,8.2421,8.1925,8.138,8.0301,7.9252,7.899,7.8518,7.7711,7.7224,7.6821,7.6083,7.5885,7.5803,7.5178,7.5169,7.4822,7.4177,7.3769,7.3278,7.294,7.24,7.2319,7.1459,6.9507,6.8665,6.8842,6.9739,7.0506,6.952,6.7694,6.7119,6.7307,6.7375,6.6792,6.6228,6.6416,6.6473,6.5868,6.5393,6.4931,6.4785,6.5233,6.5066,6.4264,6.3914,6.3721,6.3715,6.393,6.3616,6.3193,6.3631,6.4156,6.3752,6.2674,6.2189,6.2248,6.2009,6.1964,6.2015,6.1836,6.1757,6.1876,6.1803,6.1389,6.1156,6.121,6.0883,6.0535,6.1022,6.1569,6.118,6.0588,6.0148,6.0303,6.0846,6.0352,5.9291,5.9199,5.9333,5.9203,5.916,5.9033,5.9366,5.9356,5.8883,5.8674,5.8993,5.9597,5.9405,5.8692,5.8106,5.8158,5.8368,5.8198,5.7998,5.8058,5.8387,5.8371,5.82,5.792,5.768,5.7876,5.7704,5.721,5.7058,5.6515,5.6683,5.7284,5.6982,5.6693,5.7003,5.744,5.7247,5.7226,5.7117,5.6628,5.6385,5.5807,5.576,5.6655,5.706,5.6349,5.6068,5.6923,5.6741,5.5644,5.521,5.5803,5.6293,5.671,5.6258,5.5931,5.6169,5.5562,5.5724,5.533,5.5098,5.5698,5.5424,5.5407,5.578,5.6272,5.5633,5.4507,5.4563,5.4628,5.4096,5.3658,5.3587,5.3576,10/15/18
5,10/15/18 12:47,Ok,20.4984,20.1461,19.5786,18.8544,18.1528,17.6042,17.1821,16.834,16.5307,16.2091,15.8976,15.7629,15.6347,15.3264,15.0363,14.8294,14.6812,14.5296,14.3223,14.1393,13.9158,13.6565,13.4125,13.2959,13.2267,13.0066,12.7935,12.691,12.6062,12.4971,12.353,12.1899,12.0612,11.9515,11.832,11.6961,11.5467,11.4063,11.3111,11.2099,11.0718,10.9362,10.8332,10.7393,10.6518,10.55,10.4134,10.2878,10.1929,10.1155,10.0467,9.9512,9.8422,9.7597,9.6919,9.6165,9.5383,9.4608,9.3851,9.3111,9.226,9.1466,9.0846,9.0374,8.9883,8.9194,8.8022,8.6756,8.6318,8.5791,8.4887,8.4426,8.3893,8.3078,8.2879,8.2678,8.1908,8.1767,8.1402,8.062,8.0037,7.9495,7.9117,7.8459,7.8244,7.7381,7.5321,7.4276,7.4415,7.5305,7.5995,7.4939,7.3058,7.2381,7.2477,7.2482,7.1827,7.1195,7.1301,7.1337,7.0735,7.0157,6.9607,6.94,6.9835,6.9663,6.8775,6.8374,6.8138,6.8112,6.8307,6.7953,6.7518,6.7903,6.8351,6.7939,6.6808,6.6278,6.634,6.6071,6.6002,6.5975,6.5728,6.565,6.5744,6.5653,6.5212,6.4922,6.4984,6.4647,6.4224,6.4665,6.5185,6.4752,6.4125,6.3627,6.3749,6.4292,6.3792,6.2684,6.2539,6.2694,6.2519,6.2462,6.227,6.2569,6.2619,6.2093,6.1888,6.2185,6.274,6.2597,6.1848,6.1149,6.1154,6.1378,6.1256,6.1042,6.1016,6.1303,6.1296,6.1146,6.0877,6.0623,6.0791,6.0642,6.0152,5.9861,5.9262,5.9496,6.0138,5.9808,5.9413,5.9703,6.0103,5.9823,5.9883,5.9962,5.9455,5.9084,5.8358,5.836,5.9379,5.9776,5.9019,5.8732,5.9395,5.921,5.8262,5.7774,5.8372,5.8871,5.914,5.8706,5.8449,5.8674,5.8309,5.8368,5.7755,5.7583,5.8105,5.7828,5.7915,5.8247,5.855,5.7881,5.6793,5.6864,5.7055,5.6285,5.5795,5.5926,5.5861,10/15/18
6,10/15/18 12:51,Ok,20.9345,20.4148,19.6913,18.8674,18.1325,17.5973,17.1984,16.8735,16.6084,16.336,16.076,15.976,15.8653,15.5816,15.3137,15.1216,14.985,14.8396,14.6331,14.4423,14.2098,13.9241,13.6468,13.4924,13.3944,13.1644,12.931,12.8065,12.7036,12.5779,12.4244,12.2585,12.1209,12.0048,11.8861,11.7533,11.6004,11.4491,11.3454,11.244,11.1122,10.9807,10.8814,10.7964,10.7095,10.6043,10.4718,10.3423,10.2449,10.1714,10.1083,10.0185,9.9151,9.8374,9.7474,9.6768,9.6124,9.5223,9.4505,9.3775,9.2919,9.2105,9.1394,9.0791,9.0213,8.9507,8.8422,8.7319,8.6891,8.6344,8.5413,8.4815,8.4419,8.3584,8.3228,8.3053,8.2256,8.2151,8.1729,8.0976,8.0448,7.9899,7.949,7.8787,7.8543,7.767,7.5734,7.4742,7.4832,7.5645,7.6299,7.5247,7.3385,7.2744,7.2822,7.2808,7.2177,7.1555,7.1642,7.1661,7.1061,7.0525,6.9988,6.9771,7.0185,7.0011,6.9119,6.8719,6.85,6.8466,6.8653,6.8294,6.7872,6.8253,6.8677,6.8272,6.7172,6.6653,6.6683,6.6398,6.6332,6.6389,6.6141,6.6023,6.6149,6.6015,6.5478,6.521,6.5339,6.4987,6.4553,6.5013,6.5502,6.5045,6.4462,6.402,6.4155,6.4649,6.4118,6.3057,6.2926,6.304,6.2879,6.2825,6.2632,6.2929,6.2968,6.2475,6.2245,6.2543,6.3132,6.2913,6.2214,6.157,6.1542,6.1764,6.1675,6.1462,6.14,6.1668,6.1677,6.156,6.1258,6.0997,6.1096,6.085,6.0421,6.0273,5.9627,5.9804,6.0414,6.0039,5.9683,6.0013,6.039,6.0214,6.025,6.0074,5.9532,5.9377,5.8874,5.8802,5.9624,6.0014,5.9338,5.9102,5.9785,5.9574,5.8597,5.7977,5.8542,5.9221,5.9576,5.8955,5.8633,5.8935,5.8365,5.8573,5.8133,5.7812,5.8439,5.8102,5.8079,5.8577,5.9026,5.8311,5.7128,5.7126,5.7216,5.6606,5.638,5.6319,5.6079,10/15/18
7,10/15/18 12:55,Ok,18.3847,17.7919,17.1353,16.4223,15.7544,15.2518,14.8648,14.5501,14.2914,14.0024,13.7021,13.5589,13.4173,13.0798,12.7271,12.4544,12.2609,12.0886,11.8813,11.7047,11.4984,11.2572,11.0576,11.0001,10.9657,10.7735,10.5844,10.4934,10.4049,10.2903,10.141,9.9728,9.8355,9.7169,9.6052,9.4766,9.3222,9.1718,9.0784,8.9909,8.87,8.7538,8.6779,8.6166,8.5502,8.4739,8.3689,8.274,8.1968,8.1402,8.1032,8.0332,7.952,7.8966,7.8402,7.7849,7.728,7.6559,7.5913,7.5426,7.4827,7.418,7.3685,7.3325,7.3007,7.265,7.1814,7.1031,7.1056,7.0932,7.0476,7.033,7.0128,6.9625,6.9739,6.9893,6.9498,6.9725,6.9654,6.924,6.903,6.8757,6.861,6.8178,6.8289,6.7709,6.6033,6.5437,6.5815,6.6869,6.7748,6.6905,6.5241,6.4801,6.5142,6.5366,6.4959,6.4595,6.4924,6.5108,6.4649,6.4208,6.3745,6.3576,6.3969,6.3796,6.292,6.2459,6.2238,6.2205,6.2372,6.2046,6.167,6.2121,6.2617,6.2203,6.1128,6.0652,6.0707,6.0447,6.0436,6.0459,6.0266,6.0205,6.0355,6.0339,5.9905,5.9706,5.9833,5.9477,5.9101,5.9622,6.017,5.9793,5.9203,5.8753,5.8926,5.9459,5.8966,5.7928,5.7854,5.8032,5.7901,5.7869,5.7738,5.8078,5.8128,5.7627,5.7459,5.7775,5.8383,5.826,5.7589,5.7055,5.7048,5.7247,5.7101,5.6818,5.6925,5.7316,5.7298,5.7191,5.6923,5.6739,5.7026,5.6823,5.6444,5.6256,5.5677,5.5931,5.6538,5.6229,5.5869,5.613,5.6562,5.6426,5.6492,5.6387,5.5907,5.572,5.5112,5.5067,5.6058,5.6598,5.572,5.5367,5.6225,5.6118,5.5237,5.4854,5.545,5.5961,5.629,5.5888,5.5646,5.5887,5.5419,5.5688,5.5281,5.5031,5.5752,5.5537,5.5617,5.6197,5.6725,5.6169,5.5264,5.5508,5.5822,5.525,5.4805,5.4959,5.4948,10/15/18
8,10/15/18 12:59,Ok,20.8686,20.0057,19.1329,18.2579,17.4662,16.8717,16.4211,16.0416,15.719,15.3796,15.0212,14.8192,14.643,14.2736,13.8831,13.5756,13.3471,13.1564,12.9253,12.7216,12.4959,12.2308,11.996,11.8971,11.839,11.6282,11.4033,11.2749,11.159,11.0209,10.8442,10.6408,10.4732,10.3286,10.1871,10.0292,9.8531,9.6854,9.5679,9.4614,9.3263,9.1923,9.0932,9.0105,8.9299,8.8398,8.719,8.6068,8.519,8.4544,8.4011,8.3202,8.2277,8.1588,8.0825,8.0169,7.9622,7.8846,7.805,7.7333,7.6638,7.5975,7.5429,7.4993,7.4613,7.4174,7.3282,7.2431,7.24,7.2139,7.1606,7.1485,7.1289,7.0739,7.0812,7.0959,7.048,7.0721,7.0614,7.0151,6.9903,6.9534,6.9301,6.888,6.8946,6.8242,6.6496,6.5829,6.615,6.7106,6.7967,6.7099,6.538,6.495,6.5262,6.5447,6.5002,6.4601,6.4895,6.5064,6.4596,6.4112,6.3658,6.3502,6.3843,6.3654,6.2789,6.2311,6.2099,6.2102,6.2263,6.1911,6.1523,6.1937,6.2464,6.2114,6.1,6.0479,6.0576,6.0319,6.0302,6.0362,6.016,6.0128,6.0273,6.0216,5.9829,5.9553,5.9606,5.9308,5.8974,5.9472,6.002,5.9668,5.906,5.8557,5.8715,5.9281,5.882,5.7822,5.7731,5.7849,5.7727,5.7653,5.7545,5.7955,5.7965,5.7451,5.7327,5.7661,5.8242,5.8083,5.7387,5.6821,5.6835,5.7075,5.6983,5.6814,5.6847,5.7182,5.7193,5.7055,5.6771,5.6532,5.6803,5.6665,5.6167,5.593,5.5409,5.5705,5.6255,5.5954,5.5751,5.6179,5.653,5.6177,5.6247,5.6257,5.5745,5.5585,5.4914,5.4737,5.5723,5.6263,5.5645,5.5385,5.6083,5.5938,5.5078,5.458,5.5159,5.5675,5.6171,5.5649,5.5258,5.5604,5.5138,5.5444,5.4958,5.4661,5.5342,5.5192,5.5428,5.5953,5.6443,5.5737,5.4845,5.5083,5.5352,5.4858,5.4334,5.4364,5.4395,10/15/18
9,10/15/18 13:03,Ok,28.1565,26.8583,25.6582,24.4931,23.415,22.5768,21.9139,21.3203,20.7908,20.2414,19.6518,19.2609,18.9599,18.4474,17.8822,17.4137,17.0594,16.7862,16.4914,16.2263,15.9509,15.6366,15.3448,15.1823,15.0788,14.8269,14.5261,14.312,14.1189,13.9045,13.6529,13.3633,13.0967,12.867,12.6454,12.41,12.157,11.915,11.7274,11.5541,11.3611,11.1714,11.0191,10.8833,10.751,10.6154,10.4475,10.2877,10.158,10.0509,9.9559,9.8309,9.6999,9.5995,9.4901,9.381,9.2785,9.1675,9.0697,8.9739,8.8695,8.7687,8.6867,8.6211,8.5583,8.4896,8.3811,8.2729,8.2461,8.2104,8.1426,8.1103,8.076,8.0111,8.0007,7.9991,7.9422,7.9469,7.9272,7.8718,7.8283,7.7756,7.7389,7.6795,7.6746,7.5927,7.4,7.3236,7.3432,7.4314,7.5078,7.4101,7.2284,7.1738,7.1955,7.206,7.1517,7.1014,7.1235,7.1335,7.0793,7.0258,6.9698,6.9429,6.9697,6.9439,6.8527,6.8008,6.77,6.7595,6.7735,6.7348,6.6881,6.7275,6.7766,6.736,6.6234,6.5679,6.5738,6.5453,6.5347,6.5422,6.5195,6.5032,6.5115,6.507,6.4622,6.4391,6.442,6.4041,6.3725,6.4146,6.4652,6.4258,6.3665,6.3162,6.3271,6.3804,6.3273,6.2237,6.2129,6.2243,6.2106,6.1967,6.1764,6.217,6.2259,6.1741,6.1583,6.1897,6.2427,6.2254,6.1603,6.1037,6.1063,6.1175,6.0953,6.0824,6.0904,6.1239,6.1267,6.1215,6.0876,6.055,6.0828,6.0664,6.0176,6.0007,5.9454,5.9691,6.0311,6.0012,5.9665,5.994,6.0313,6.0143,6.0228,6.0164,5.9703,5.9452,5.8857,5.8761,5.9633,6.0149,5.9361,5.9041,5.9879,5.9775,5.8863,5.8365,5.9083,5.9661,5.9901,5.9532,5.9294,5.9521,5.9047,5.9304,5.8906,5.8763,5.933,5.8968,5.9244,5.9824,6.0343,5.9826,5.8946,5.9177,5.939,5.8975,5.8598,5.8635,5.8847,10/15/18
1,10/19/18 11:55,Ok,60.2754,60.0158,59.5073,58.6391,57.8909,57.5154,57.1781,56.7819,56.333,55.8189,55.3964,55.1161,54.7598,54.1595,53.3565,52.555,51.849,51.3306,50.816,50.2485,49.6873,48.9744,48.2311,47.762,47.4597,47.08,46.6208,46.189,45.7989,45.3991,44.9849,44.5247,44.0382,43.6112,43.2521,42.8469,42.44,42.0629,41.6868,41.3214,40.9339,40.5366,40.0621,39.6017,39.174,38.7317,38.2718,37.7451,37.1697,36.6881,36.2733,35.833,35.3686,34.8896,34.463,34.0359,33.6218,33.1821,32.7371,32.3075,31.8339,31.3488,30.8489,30.3672,29.8988,29.4379,28.9146,28.3326,27.7874,27.198,26.5747,26.0428,25.5524,24.98,24.452,23.9833,23.4489,23.0056,22.5641,22.115,21.6753,21.1977,20.7768,20.3893,20.0231,19.6273,19.175,18.751,18.4268,18.2054,17.9813,17.6193,17.2174,16.8999,16.6149,16.3299,16.0374,15.7622,15.5347,15.3313,15.1192,14.8982,14.6698,14.4773,14.343,14.1908,13.9975,13.8365,13.7052,13.5603,13.4271,13.2911,13.1436,13.0298,12.9662,12.8436,12.6696,12.544,12.455,12.3077,12.1549,12.0571,11.9548,11.8151,11.6826,11.597,11.4858,11.3558,11.2406,11.1261,11.0232,10.968,10.9197,10.8186,10.7051,10.5967,10.5267,10.4793,10.3889,10.2259,10.1287,10.1207,10.0624,9.9641,9.8627,9.8342,9.7684,9.6529,9.6027,9.565,9.5688,9.5172,9.4144,9.3243,9.258,9.2428,9.176,9.1131,9.0881,9.0658,9.0095,8.9539,8.9305,8.8632,8.8169,8.7856,8.7252,8.6676,8.5897,8.5722,8.5778,8.5395,8.4927,8.4885,8.5097,8.4574,8.4052,8.372,8.3317,8.2778,8.1935,8.144,8.1997,8.2337,8.1305,8.1113,8.1653,8.1074,7.9921,7.9689,8.0367,8.0209,8.0191,7.953,7.8814,7.8826,7.8588,7.8876,7.7915,7.7401,7.8024,7.7436,7.7069,7.7152,7.7432,7.6805,7.5919,7.5948,7.5729,7.4903,7.3974,7.3705,7.4023,
5,10/19/18 12:11,Ok,60.5988,60.1731,59.5342,58.636,57.9627,57.4866,57.1067,56.7483,56.3025,55.8322,55.3837,55.0755,54.7808,54.1931,53.4039,52.637,51.9444,51.4196,50.883,50.3287,49.779,49.0791,48.3557,47.8153,47.5299,47.1927,46.6786,46.1945,45.7816,45.4299,45.0473,44.576,44.0764,43.6339,43.2742,42.8811,42.4747,42.1168,41.7264,41.3695,41.0066,40.6005,40.0985,39.6285,39.189,38.7247,38.2505,37.7549,37.2388,36.7347,36.279,35.8171,35.3496,34.9143,34.4748,34.0461,33.6464,33.2212,32.7656,32.3216,31.8391,31.3456,30.8561,30.3808,29.9226,29.4538,28.937,28.3474,27.7658,27.1898,26.5931,26.0493,25.5406,24.9825,24.4639,23.9799,23.4545,23.0017,22.5671,22.1176,21.6737,21.2025,20.7646,20.3696,20.0135,19.6166,19.1603,18.7337,18.4098,18.1947,17.9644,17.6002,17.2003,16.8796,16.5964,16.3125,16.0117,15.7378,15.5185,15.3103,15.093,14.8752,14.6469,14.4533,14.3151,14.162,13.9745,13.81,13.6762,13.5413,13.4098,13.2682,13.1181,13.0015,12.9357,12.814,12.6394,12.5144,12.4275,12.2775,12.1278,12.0352,11.9302,11.7898,11.6564,11.5728,11.4653,11.3301,11.2078,11.0957,11.0005,10.9391,10.8828,10.7838,10.6658,10.5563,10.4923,10.444,10.3493,10.1917,10.0977,10.0842,10.0324,9.9369,9.8326,9.8063,9.7426,9.6322,9.578,9.534,9.5339,9.4863,9.3863,9.2928,9.2333,9.2089,9.1474,9.0883,9.0526,9.0312,8.9784,8.9198,8.9006,8.837,8.7784,8.7516,8.6966,8.635,8.5498,8.5315,8.5397,8.4988,8.4569,8.4531,8.4604,8.4084,8.3644,8.3379,8.2985,8.2478,8.1641,8.1012,8.1588,8.1966,8.0996,8.0686,8.1288,8.078,7.96,7.9333,7.9762,7.9699,7.9797,7.9271,7.8678,7.8497,7.8159,7.8419,7.7501,7.708,7.7698,7.713,7.6797,7.6975,7.6995,7.6251,7.5593,7.558,7.5401,7.4569,7.3596,7.3451,7.378,
8,10/19/18 12:23,Ok,62.4081,61.5613,60.6192,59.725,58.8509,58.3454,58.0105,57.5062,57.0243,56.5574,56.0693,55.7091,55.4051,54.7737,53.8211,52.9216,52.1677,51.5896,50.9949,50.3738,49.7731,49.038,48.2852,47.7229,47.3888,47.0486,46.506,45.9567,45.5057,45.111,44.6929,44.1796,43.6563,43.1914,42.7473,42.3327,41.9313,41.4827,41.0487,40.6866,40.2993,39.8792,39.402,38.8936,38.4399,38.0203,37.5374,37.0199,36.4957,35.9942,35.5706,35.1662,34.676,34.2292,33.8168,33.3672,32.9324,32.4884,32.061,31.619,31.1628,30.6728,30.1683,29.7152,29.252,28.8166,28.3361,27.7557,27.2137,26.669,26.0638,25.5523,25.0888,24.5474,24.0509,23.6036,23.0952,22.6702,22.2452,21.8136,21.3986,20.9403,20.5236,20.1653,19.818,19.4423,19.0087,18.5926,18.2872,18.0806,17.8625,17.5099,17.1239,16.8156,16.5424,16.2769,15.998,15.7335,15.5214,15.3303,15.121,14.9006,14.6718,14.477,14.3363,14.1826,13.9848,13.824,13.6862,13.5365,13.4056,13.2613,13.1115,13.0009,12.9322,12.812,12.6374,12.5124,12.432,12.288,12.1302,12.0339,11.9301,11.7951,11.672,11.5853,11.4747,11.3408,11.2249,11.115,11.0181,10.957,10.9072,10.8105,10.6899,10.5781,10.513,10.4672,10.3707,10.2155,10.1296,10.1156,10.0558,9.9589,9.8611,9.8378,9.7768,9.6652,9.6107,9.5695,9.5717,9.5216,9.4204,9.3391,9.2786,9.2454,9.1858,9.1373,9.1133,9.095,9.0378,8.9774,8.9477,8.8891,8.8485,8.8177,8.7588,8.6986,8.6254,8.6114,8.6104,8.5734,8.5354,8.5283,8.5439,8.4902,8.4382,8.4143,8.3792,8.3233,8.2469,8.2065,8.2606,8.2817,8.1734,8.1496,8.2072,8.1695,8.0663,8.0307,8.103,8.0909,8.0731,8.021,7.9679,7.9637,7.9329,7.9618,7.88,7.8383,7.8978,7.8548,7.8252,7.8411,7.8804,7.8219,7.7372,7.7519,7.7485,7.6682,7.5939,7.5972,7.6107,
1,10/29/18 8:31,Ok,32.5258,32.215,31.7418,31.0077,30.2775,29.7749,29.3649,28.9795,28.6438,28.1467,27.5326,27.4203,27.3441,26.6869,26.1107,25.7805,25.6563,25.5599,25.2463,25.0084,24.645,24.1812,23.7689,23.7535,23.9114,23.5349,23.1214,23.0539,23.0242,22.9068,22.6619,22.3604,22.1741,22.0326,21.8737,21.6804,21.4479,21.2147,21.0889,20.9859,20.7622,20.5213,20.3486,20.2132,20.1217,19.9673,19.7221,19.4877,19.2847,19.1597,19.0762,18.9008,18.6781,18.5546,18.4323,18.2657,18.117,17.9871,17.8644,17.7103,17.5255,17.384,17.2856,17.1955,17.118,17.0292,16.7476,16.4862,16.4293,16.3288,16.2078,16.1355,15.9794,15.7776,15.7159,15.6485,15.5094,15.4554,15.3676,15.2096,15.0799,14.9881,14.9572,14.9245,14.8379,14.5832,14.1943,13.9697,14.0161,14.2247,14.4241,14.3662,14.0834,13.8971,13.8298,13.774,13.7365,13.6656,13.5964,13.6039,13.557,13.4644,13.3744,13.3388,13.4279,13.4333,13.269,13.1891,13.1846,13.1499,13.1353,13.0935,13.0091,13.092,13.2931,13.2402,12.9874,12.8898,12.8535,12.7503,12.7923,12.8283,12.8231,12.823,12.8105,12.8303,12.7897,12.7289,12.7439,12.7023,12.5841,12.6157,12.8029,12.83,12.6378,12.4974,12.4982,12.6025,12.6871,12.539,12.3859,12.3597,12.3794,12.4384,12.3772,12.3826,12.4494,12.4069,12.4119,12.4177,12.4499,12.4849,12.4372,12.3084,12.2344,12.287,12.2982,12.2737,12.3021,12.3553,12.3977,12.3867,12.2783,12.2656,12.3507,12.3163,12.2489,12.1672,12.0878,12.096,12.1354,12.1794,12.1965,12.2695,12.3099,12.2256,12.1955,12.2269,12.2398,12.1673,12.0836,12.0818,12.1476,12.1742,12.0978,12.0991,12.227,12.2532,12.1299,12.0625,12.1057,12.118,12.1531,12.1251,12.1023,12.1499,12.1636,12.1901,12.0914,12.0605,12.0743,11.9693,12.0588,12.2676,12.3219,12.1207,11.953,11.9855,12.0159,11.9993,11.9744,11.9368,11.9088,10/29/18
3,10/29/18 8:39,Ok,32.6065,32.2616,31.7641,31.0129,30.2634,29.742,29.3373,28.9756,28.6433,28.1277,27.5255,27.4416,27.3743,26.7205,26.15,25.8265,25.709,25.6178,25.3067,25.0706,24.7029,24.235,23.8126,23.7795,23.9243,23.5443,23.1233,23.04,23.008,22.8794,22.6234,22.3186,22.1241,21.9791,21.8207,21.6234,21.3893,21.1643,21.0309,20.9245,20.7033,20.4667,20.2936,20.1548,20.0668,19.914,19.6623,19.4334,19.2315,19.1043,19.0223,18.8487,18.6381,18.5127,18.3927,18.222,18.0583,17.9425,17.8291,17.6705,17.4738,17.3289,17.2258,17.1262,17.0514,16.9621,16.6893,16.4388,16.3831,16.2905,16.1677,16.0846,15.926,15.7321,15.6717,15.5973,15.4519,15.3976,15.3201,15.1744,15.046,14.9521,14.9146,14.8851,14.8026,14.5516,14.1646,13.9354,13.983,14.1973,14.3951,14.3361,14.0529,13.8645,13.8019,13.7445,13.7036,13.6364,13.57,13.5815,13.5315,13.4296,13.3368,13.3071,13.4015,13.4051,13.2373,13.1553,13.1546,13.1181,13.1056,13.0626,12.9712,13.0635,13.2708,13.2152,12.9616,12.8663,12.8286,12.7182,12.7609,12.8013,12.7929,12.7919,12.7781,12.7956,12.7618,12.7078,12.7199,12.6756,12.5601,12.5928,12.7811,12.8084,12.6167,12.4746,12.4724,12.5825,12.6689,12.5146,12.3603,12.3374,12.3566,12.403,12.3455,12.3638,12.4246,12.3762,12.3823,12.3969,12.4333,12.4596,12.3995,12.2792,12.2085,12.2622,12.273,12.2507,12.2734,12.3234,12.3739,12.369,12.2638,12.2396,12.3229,12.2947,12.2234,12.1484,12.0732,12.0849,12.1266,12.143,12.1677,12.2561,12.2727,12.1854,12.1648,12.201,12.2242,12.1468,12.0538,12.0514,12.1108,12.125,12.0513,12.0692,12.2069,12.2314,12.0947,12.0118,12.0686,12.0966,12.1141,12.0787,12.073,12.1228,12.1216,12.1409,12.0461,12.0276,12.0533,11.946,12.0162,12.2373,12.308,12.0878,11.9184,11.9524,11.9892,11.9796,11.9251,11.895,11.9011,10/29/18
4,10/29/18 8:43,Ok,32.3576,32.0357,31.5714,30.8468,30.1071,29.6197,29.2247,28.8408,28.5092,28.0139,27.4136,27.3173,27.2471,26.5888,26.0111,25.6871,25.567,25.4745,25.164,24.9267,24.5587,24.0906,23.6795,23.6601,23.8153,23.4434,23.0282,22.9487,22.9192,22.7972,22.5474,22.2455,22.0553,21.9162,21.7561,21.567,21.3282,21.0873,20.9643,20.8634,20.6433,20.4199,20.255,20.1132,20.0268,19.8733,19.6146,19.3887,19.1925,19.0609,18.9839,18.8171,18.5918,18.4763,18.3652,18.2005,18.0415,17.9029,17.7918,17.641,17.4462,17.2968,17.1925,17.1008,17.0251,16.9338,16.6629,16.4131,16.3624,16.2721,16.1423,16.0587,15.9164,15.7221,15.6484,15.5753,15.4326,15.3841,15.2961,15.1533,15.0398,14.94,14.9065,14.8761,14.7937,14.5388,14.1497,13.9284,13.9777,14.1902,14.3847,14.3252,14.0475,13.8614,13.7958,13.7407,13.7016,13.6328,13.5647,13.5738,13.5257,13.4295,13.3367,13.3105,13.4007,13.3968,13.2327,13.1548,13.1565,13.1118,13.1003,13.0665,12.9763,13.0619,13.2697,13.2146,12.9574,12.8616,12.8276,12.7222,12.7615,12.7971,12.7904,12.7924,12.7822,12.7979,12.7587,12.7032,12.7182,12.6803,12.5584,12.5899,12.7828,12.8074,12.6139,12.4736,12.4779,12.5857,12.6707,12.5198,12.3628,12.338,12.3568,12.4039,12.3493,12.3681,12.4221,12.3696,12.3823,12.399,12.4305,12.4568,12.4093,12.2937,12.2202,12.2649,12.2786,12.2587,12.2826,12.3299,12.3747,12.3686,12.2539,12.2265,12.3179,12.2936,12.2335,12.1606,12.0732,12.088,12.1332,12.148,12.165,12.2585,12.2903,12.2051,12.1784,12.2051,12.2208,12.1378,12.0542,12.0561,12.1221,12.1459,12.056,12.0803,12.2031,12.217,12.1036,12.0234,12.0837,12.1161,12.1273,12.0914,12.0816,12.1129,12.1186,12.1424,12.0551,12.039,12.0498,11.9512,12.041,12.2441,12.2921,12.0874,11.9394,11.9736,11.9846,11.9786,11.941,11.9028,11.8876,10/29/18
5,10/29/18 8:47,Ok,32.529,32.1981,31.7042,30.9319,30.1799,29.6896,29.2892,28.9152,28.5869,28.0962,27.496,27.4021,27.3311,26.6705,26.0973,25.7726,25.6535,25.5588,25.2473,25.0092,24.6396,24.1672,23.7456,23.7277,23.8825,23.4964,23.0746,22.9965,22.9664,22.8435,22.5926,22.2918,22.0926,21.9461,21.7861,21.5866,21.3543,21.1246,20.9996,20.8986,20.6726,20.4453,20.2869,20.1443,20.0492,19.9026,19.6537,19.4184,19.2078,19.0894,19.0226,18.8376,18.6101,18.5051,18.3897,18.2087,18.0627,17.9382,17.8207,17.67,17.4718,17.3155,17.2156,17.1269,17.0527,16.9596,16.6857,16.4366,16.3814,16.2862,16.155,16.076,15.9266,15.735,15.6738,15.5926,15.4464,15.4094,15.3216,15.1647,15.0506,14.9568,14.9212,14.8931,14.8112,14.5525,14.1641,13.9443,13.9889,14.2006,14.4005,14.3423,14.0581,13.8707,13.808,13.7498,13.7085,13.6429,13.5768,13.5824,13.535,13.4411,13.3462,13.3156,13.4105,13.413,13.2471,13.1714,13.1639,13.1218,13.1131,13.0704,12.9788,13.0697,13.2789,13.2227,12.9668,12.8745,12.8403,12.7315,12.7717,12.8067,12.8018,12.8044,12.7921,12.8101,12.7735,12.7126,12.7216,12.6854,12.5719,12.6016,12.7854,12.8111,12.6215,12.4839,12.4842,12.5869,12.6746,12.5224,12.3615,12.3416,12.3642,12.4131,12.352,12.3753,12.4341,12.3789,12.3992,12.4085,12.4319,12.468,12.4272,12.3064,12.2318,12.2671,12.2737,12.2624,12.2826,12.3211,12.3747,12.375,12.2578,12.2364,12.3287,12.2951,12.2382,12.1599,12.0761,12.0884,12.1318,12.1539,12.1711,12.2513,12.2792,12.204,12.1792,12.2045,12.2257,12.1392,12.0457,12.0522,12.1237,12.1483,12.0613,12.0802,12.2173,12.2261,12.0969,12.0308,12.0873,12.1066,12.1296,12.0914,12.0735,12.1199,12.1325,12.1579,12.0686,12.0498,12.0508,11.949,12.0348,12.239,12.3003,12.1011,11.9365,11.9627,11.9958,12.0012,11.9409,11.891,11.896,10/29/18
6,10/29/18 8:51,Ok,32.6378,32.2833,31.7678,31.0072,30.2763,29.7669,29.348,28.9817,28.6583,28.1612,27.5626,27.4666,27.3987,26.7406,26.1668,25.841,25.7177,25.6196,25.3063,25.0659,24.6957,24.2225,23.8011,23.7763,23.9277,23.5455,23.1264,23.0553,23.0231,22.8997,22.65,22.3351,22.1448,22.008,21.8472,21.6483,21.4145,21.1844,21.0527,20.9512,20.7215,20.4874,20.3193,20.1823,20.0882,19.9306,19.6902,19.4599,19.2513,19.13,19.0526,18.8724,18.6542,18.5366,18.4195,18.2492,18.0841,17.9535,17.8411,17.6875,17.4881,17.3365,17.2413,17.1529,17.0825,16.9878,16.7105,16.4581,16.3984,16.3021,16.1765,16.099,15.9504,15.7633,15.6954,15.6152,15.4691,15.4252,15.3418,15.1818,15.059,14.9697,14.9373,14.9023,14.8098,14.5586,14.174,13.9439,13.995,14.2077,14.4077,14.3521,14.0668,13.875,13.8105,13.7555,13.715,13.6486,13.5825,13.5897,13.5408,13.4434,13.3474,13.3153,13.4099,13.4161,13.2518,13.1695,13.1672,13.1327,13.1165,13.069,12.9768,13.0675,13.276,13.2217,12.9682,12.8704,12.8324,12.7285,12.7707,12.8017,12.8005,12.8108,12.7949,12.8098,12.7691,12.7123,12.7248,12.6839,12.5678,12.5968,12.7827,12.8074,12.6202,12.4816,12.479,12.5849,12.6729,12.5241,12.3658,12.3396,12.3596,12.4075,12.3585,12.3702,12.4246,12.3884,12.396,12.4015,12.4316,12.4678,12.4188,12.2886,12.2141,12.2629,12.2714,12.2557,12.2794,12.3199,12.3734,12.3658,12.2542,12.2417,12.328,12.2941,12.2301,12.1552,12.0794,12.0874,12.1181,12.1396,12.1699,12.2499,12.2692,12.1936,12.1799,12.2068,12.2174,12.1382,12.0582,12.0547,12.1174,12.1474,12.0578,12.0594,12.1946,12.218,12.0932,12.0149,12.0653,12.1042,12.1098,12.0759,12.0742,12.1125,12.1335,12.1537,12.0569,12.0404,12.0362,11.9153,12.0203,12.2508,12.3037,12.0908,11.9345,11.9615,11.9757,11.9803,11.9351,11.8919,11.897,10/29/18
7,10/29/18 8:55,Ok,32.4685,32.1427,31.6746,30.9479,30.2331,29.72,29.3147,28.9516,28.6129,28.1145,27.504,27.4001,27.3289,26.6792,26.1125,25.7876,25.6659,25.5663,25.2505,25.0115,24.6391,24.1701,23.7586,23.7384,23.8892,23.5103,23.0974,23.0338,23.0047,22.8819,22.6405,22.338,22.1455,22.0054,21.8435,21.646,21.4133,21.1801,21.0465,20.9495,20.7227,20.4852,20.3189,20.1817,20.0886,19.9306,19.6808,19.4557,19.2476,19.1208,19.055,18.8856,18.6578,18.5398,18.4167,18.2377,18.0809,17.9563,17.8451,17.6861,17.4976,17.3566,17.2576,17.171,17.1009,17.0061,16.7309,16.4722,16.4057,16.3136,16.1922,16.1218,15.9615,15.7591,15.7023,15.6272,15.4869,15.4341,15.3462,15.1931,15.0658,14.9738,14.9436,14.9138,14.8274,14.5674,14.175,13.9476,13.9964,14.2102,14.414,14.3583,14.0706,13.8837,13.8212,13.7606,13.7186,13.6522,13.5862,13.5982,13.551,13.4516,13.3607,13.3284,13.4174,13.4173,13.2513,13.1787,13.1811,13.1458,13.1284,13.0819,12.9913,13.0778,13.2825,13.229,12.9744,12.8778,12.8463,12.746,12.7844,12.8094,12.807,12.8184,12.8043,12.8195,12.7776,12.7204,12.7331,12.6897,12.5734,12.6068,12.7914,12.8177,12.631,12.4916,12.488,12.5914,12.6829,12.5339,12.3695,12.344,12.3699,12.4242,12.3735,12.3834,12.4399,12.3967,12.3999,12.4132,12.4467,12.4696,12.4227,12.3011,12.224,12.2726,12.2919,12.275,12.2925,12.3385,12.389,12.3849,12.2666,12.2443,12.3375,12.3141,12.255,12.1739,12.0885,12.0874,12.1269,12.1643,12.198,12.2798,12.2876,12.2049,12.186,12.2081,12.2199,12.1435,12.0792,12.0752,12.1336,12.163,12.0713,12.0801,12.2136,12.236,12.1156,12.032,12.0822,12.1261,12.1422,12.0988,12.0809,12.1422,12.1637,12.1593,12.0599,12.0479,12.0611,11.9578,12.0424,12.2496,12.3156,12.1039,11.9344,11.9701,11.9875,11.9771,11.9521,11.9242,11.9034,10/29/18
8,10/29/18 8:59,Ok,32.938,32.6081,32.1444,31.4278,30.7011,30.1884,29.7957,29.4374,29.1017,28.6041,28.0061,27.9089,27.8372,27.1744,26.5985,26.2692,26.1492,26.0591,25.7463,25.5087,25.1356,24.6609,24.2451,24.2313,24.3867,24.0017,23.5804,23.5085,23.48,23.3596,23.1072,22.7978,22.6109,22.4668,22.3024,22.1018,21.8712,21.6344,21.4925,21.4029,21.1791,20.9486,20.7796,20.6476,20.5618,20.402,20.1529,19.919,19.7239,19.598,19.5142,19.3427,19.1287,19.0234,18.9019,18.7226,18.5621,18.4349,18.3191,18.1675,17.9739,17.8198,17.7201,17.632,17.5588,17.466,17.1916,16.9443,16.894,16.8009,16.6683,16.5904,16.4387,16.2413,16.1781,16.0958,15.9492,15.9009,15.821,15.67,15.5489,15.4593,15.4222,15.3891,15.3007,15.0491,14.6603,14.4351,14.4854,14.6992,14.9039,14.8456,14.5579,14.3707,14.3053,14.2485,14.2071,14.1409,14.0746,14.0849,14.0399,13.9416,13.8431,13.8125,13.9066,13.9087,13.7412,13.661,13.6638,13.6212,13.6029,13.5657,13.4804,13.571,13.7782,13.7243,13.4688,13.3707,13.3392,13.2336,13.2698,13.3076,13.2934,13.2891,13.2893,13.3091,13.2672,13.2014,13.2132,13.182,13.0681,13.0976,13.2832,13.3143,13.1242,12.9808,12.981,13.0858,13.1714,13.0229,12.8617,12.8343,12.8539,12.9043,12.8545,12.8698,12.9272,12.886,12.8951,12.8968,12.9233,12.9572,12.9189,12.7953,12.7153,12.7648,12.7745,12.7538,12.782,12.83,12.88,12.8699,12.7517,12.7336,12.8287,12.8027,12.7352,12.6495,12.5651,12.5755,12.6249,12.6464,12.6616,12.764,12.79,12.6907,12.6725,12.7061,12.7205,12.6411,12.5526,12.557,12.6208,12.6332,12.5486,12.5588,12.6925,12.722,12.5957,12.5145,12.5832,12.5972,12.5975,12.5831,12.5824,12.633,12.635,12.6398,12.5465,12.5356,12.5467,12.4334,12.535,12.7429,12.7908,12.5873,12.4268,12.4633,12.476,12.4741,12.439,12.4,12.3906,10/29/18
9,10/29/18 9:03,Ok,32.546,32.2309,31.7631,31.0105,30.2648,29.7712,29.3909,29.0277,28.6821,28.182,27.5782,27.4747,27.3982,26.7415,26.1652,25.8345,25.7099,25.6079,25.2934,25.0602,24.6922,24.2208,23.8084,23.7854,23.947,23.5764,23.1509,23.0799,23.0543,22.9251,22.6715,22.3696,22.1746,22.0281,21.873,21.6816,21.4428,21.2092,21.0769,20.9762,20.7523,20.5287,20.3612,20.2186,20.1294,19.9729,19.7259,19.4979,19.2882,19.1613,19.0812,18.9002,18.6921,18.5779,18.4572,18.2841,18.12,17.9965,17.8884,17.7309,17.5321,17.3856,17.288,17.1967,17.1145,17.0182,16.7454,16.495,16.4423,16.3485,16.2157,16.1409,15.988,15.7913,15.7262,15.6484,15.5066,15.458,15.3683,15.2189,15.1055,15.0131,14.9748,14.9393,14.8498,14.5977,14.2136,13.9892,14.0372,14.2441,14.4439,14.3872,14.1005,13.9091,13.8469,13.7939,13.754,13.6836,13.6157,13.6271,13.5795,13.483,13.3927,13.3614,13.4492,13.4491,13.2845,13.209,13.2087,13.1659,13.1533,13.1141,13.0215,13.1089,13.3151,13.2658,13.0133,12.9152,12.8824,12.7707,12.8126,12.8501,12.8379,12.8361,12.8257,12.8483,12.8108,12.7469,12.7599,12.7239,12.6112,12.6432,12.8233,12.8521,12.6655,12.5286,12.5284,12.6269,12.7076,12.5622,12.4087,12.3834,12.4064,12.4525,12.4009,12.416,12.472,12.4332,12.4357,12.4394,12.4746,12.4989,12.4583,12.3454,12.2645,12.3127,12.3169,12.3008,12.3291,12.3653,12.4121,12.4113,12.3033,12.2782,12.3626,12.3394,12.2802,12.2009,12.1189,12.1268,12.1744,12.1945,12.2088,12.2989,12.3321,12.2397,12.2059,12.2481,12.2707,12.1801,12.0978,12.111,12.1785,12.1884,12.0935,12.1132,12.2572,12.2754,12.1378,12.0604,12.1357,12.1669,12.1655,12.122,12.1214,12.1669,12.1615,12.1864,12.1078,12.0775,12.0857,11.9916,12.0765,12.27,12.327,12.1327,11.9684,12.0145,12.0354,12.0198,11.9902,11.9645,11.9348,10/29/18